episode,avg_reward,avg_v,episode_time,distance_traveled
1,-47.46643942313307,0.91886497,1.628,1.1418534e-13
2,-11.796832191822238,2.5216863,1.747,2.542115e-13
3,-36.774327798445626,0.8924073,1.849,6.3948846e-14
4,-19.797728747427463,2.0227125,1.997,1.5106346e-13
5,-13.876033810890489,2.0829298,2.069,1.1368684e-13
6,-9.684501595953094,2.355293,2.117,6.323704
7,-43.79523732306994,1.3275084,2.271,7.505156
8,0.617645326223716,3.355081,2.322,3.4576503e-13
9,0.22028316458788202,2.149082,2.381,6.4499846
10,-16.123273183707663,2.701956,2.548,4.715588
11,0.8080604455511972,5.2421165,2.622,5.7325273
12,0.5233065945287315,2.4210732,2.68,5.8342304
13,-7.097020105191264,3.1558995,2.733,1.2141759e-13
14,-9.130471592580985,5.456473,2.951,5.684342e-14
15,-9.699251213316433,2.378375,2.996,6.1411996
16,0.4460063436759723,2.1120696,3.05,5.924039
17,-4.459282151813155,3.1046355,3.117,2.2737368e-13
18,0.41331801156518466,2.7018414,3.251,2.4283518e-13
19,-9.559609690425674,3.0536704,3.294,3.4282107
20,-15.028934674586603,1.767302,3.343,1.4210855e-13
21,0.19285185800658805,1.9285185,3.488,1.1368684e-13
22,0.5230211826858612,3.4604526,3.548,5.6381187
23,0.47926927664957375,2.9343767,3.599,1.2710575e-13
24,0.5776406723442364,4.2462378,3.742,4.939991
25,-4.687026353680267,6.909708,3.811,7.2289515
26,-7.166490134248827,1.8264463,3.894,2.2914315e-13
27,0.41955978999882915,3.4569879,3.96,1.1718571e-13
28,0.38071697764737433,2.7283,4.096,1.6077747e-13
29,-7.400831604869883,1.8123847,4.138,1.1368684e-13
30,0.8933138652742248,6.390374,4.254,1.6077747e-13
31,-16.262240130090934,2.8102238,4.403,2.6812987e-13
32,0.5810098226816384,2.7127345,4.457,2.0495186e-13
33,0.43941071125313047,3.5623007,4.506,1.4210855e-13
34,0.44977184758238575,4.078776,4.551,1.6077747e-13
35,-12.205070619792208,2.557199,4.672,5.684342e-14
36,0.47094794046596156,3.3795156,4.71,7.3606467
37,0.9694734991732764,5.183723,4.796,1.6077747e-13
38,0.7890189770306624,5.2041755,4.971,1.7763568e-13
39,1.3498352839384995,9.368638,5.084,1.1368684e-13
40,-9.423801042871755,4.058906,5.131,6.4330754
41,-12.085093366448739,2.7820377,5.173,1.6077747e-13
42,0.8516147681154882,6.3389854,5.356,1.2710575e-13
43,0.47103398653556566,3.6345012,5.418,1.7053026e-13
44,0.6237573699464184,3.7632723,5.47,9.068425
45,0.5852166806919707,3.3333333,5.607,1.1457157e-13
46,-10.773474674275166,2.527546,5.645,13.889753
47,0.650001316052762,5.496278,5.72,2.2781733e-13
48,0.5188324046731919,4.024542,5.768,1.3746121e-13
49,0.5200691187814608,4.05726,5.905,19.050228
50,0.5341377806019573,3.2959628,5.967,2.842171e-13
51,0.758858814335056,6.026801,6.034,8.526513e-14
52,-8.453532909462815,4.3868303,6.175,3.6948222e-13
53,-11.97243016408581,3.7310076,6.242,1.6077747e-13
54,0.7045630913047359,3.586192,6.346,1.9065862e-13
55,1.2401892704497537,7.3454113,6.443,5.4483
56,0.6047852110365038,3.3154867,6.617,1.2021619e-13
57,0.9999003580287775,6.8524184,6.68,2.842171e-13
58,-8.48553737960955,4.148203,6.734,2.842171e-14
59,0.2097154370699876,2.054048,6.928,5.172763
60,-7.119466579523926,3.50697,6.999,1.1910866e-13
61,-9.456898155439783,3.5810914,7.058,1.4210855e-13
62,0.8199602793243631,4.9996395,7.233,5.956363
63,1.2205331425093444,7.6746707,7.327,5.7931495
64,1.180811340152927,8.897587,7.448,1.1368684e-13
65,1.296230632216471,8.759708,7.546,1.2141759e-13
66,1.069179233806128,7.817629,7.726,1.4210855e-13
67,1.7258496336523657,12.411856,7.875,93.89447
68,0.9294208325399792,5.989112,7.965,1.7053026e-13
69,0.6567366589045704,4.08885,8.103,1.7053026e-13
70,1.1062069034948847,8.25564,8.175,2.3437141e-13
71,1.302790691998641,8.877477,8.27,2.542115e-13
72,1.2896140442024437,9.995126,8.352,6.719209
73,1.4939441770473885,9.912441,8.513,8.526513e-14
74,0.8940363175034576,7.7516127,8.616,3.3175575e-13
75,1.6000310758252017,9.715977,8.724,7.9193063
76,1.4474709986018672,10.3736515,8.921,5.6769667
77,1.584444013925777,11.18454,9.019,4.9791923
78,0.7628874490054077,5.0154276,9.068,5.716296
79,-2.340239076118011,9.503408,9.152,5.765072
80,1.3504166464608545,8.449131,9.328,5.684342e-14
81,0.9946026464998321,6.868033,9.394,2.0495186e-13
82,1.1643307908415763,7.2324095,9.481,7.0178485
83,1.514823967207855,8.553358,9.595,4.097858
84,1.0373180571970866,9.271112,9.758,1.1718571e-13
85,-5.638449838420669,5.129641,9.887,6.872252
86,1.7789460932000256,10.967764,9.976,5.5939345
87,-0.8041772326022246,14.141221,10.226,8.526513e-14
88,1.9980526854573715,14.706801,10.433,1.2710575e-13
89,1.6175059996686845,13.012857,10.563,4.731612
90,1.2161753174813918,8.978366,10.642,7.1447144
91,1.0269576851271809,15.925519,10.931,2.2914315e-13
92,2.5170635983815086,17.075647,11.218,5.941552
93,2.7790760167104747,16.363045,11.506,2.2737368e-13
94,2.0653081020008712,13.8338,11.721,5.4452167
95,1.7834084205003364,12.844824,11.841,7.87636
96,3.1128875313745965,16.810694,12.119,2.2771344e-13
97,0.43002344102347606,3.6496637,12.263,3.8131724e-13
98,1.9857156453312936,12.128267,12.36,2.0495186e-13
99,1.0030719136956923,7.17989,12.434,1.2710575e-13
100,1.3668795465023913,8.101873,12.506,1.2141759e-13
101,-3.2288589810374715,9.738089,12.686,1.1718571e-13
102,2.501765498829157,16.689505,12.943,1.558342e-13
103,1.5365616848420929,11.370509,13.033,8.371385
104,1.9769381245374171,10.737232,13.223,6.3548775
105,1.6877562425284818,10.824655,13.317,4.893743
106,2.7009088752049615,16.925602,13.585,6.90207
107,3.2819873267425645,16.471107,13.829,5.442483
108,2.852638881886409,16.7852,14.176,1.2710575e-13
109,2.363169849526399,14.662653,14.325,1.2710575e-13
110,2.7024375360452306,15.941534,14.527,7.993606e-14
111,3.587041272422194,17.831629,14.932,5.825585
112,2.6053047355593644,15.645878,15.143,2.842171e-13
113,2.677058930156928,16.798414,15.4,1.587619e-14
114,1.370256162864773,9.717868,15.49,6.0230374
115,2.2819504397676367,12.624183,15.72,8.664025
116,2.5506108494370947,12.750264,15.886,5.2249045
117,3.4213343601515778,17.360703,16.258,8.567371
118,1.2801065709688806,12.87462,16.559,2.842171e-14
119,3.1481760619431576,16.176966,16.831,2.511143e-13
120,1.1853164941178476,6.615233,16.909,1.9185477e-13
121,4.040446670626108,17.032276,17.489,6.872252
122,1.6994078790288845,9.639372,17.684,2.2688065
123,1.4749226599233707,14.840922,17.931,7.1054274e-14
124,1.4037706298592199,9.609141,18.036,5.433844
125,3.442471558089529,13.850315,18.498,5.341028
126,2.889385423290291,13.573755,18.831,2.2740143e-13
127,-2.193464801427379,8.084683,18.915,3.410605e-13
128,2.896378665031361,12.813604,19.27,3.5713668
129,-9.250122812185603,8.76602,20.074,1.0658141e-13
130,5.51576047026291,15.810931,20.631,731.1312
131,3.854627590130034,17.192076,20.938,4.90333
132,3.352354655594043,17.60199,21.396,7.170757
133,1.878719849352164,11.136779,21.51,1.1457157e-13
134,3.2277732462670254,17.712814,21.879,1.1368684e-13
135,3.0845348129690007,15.1680565,22.079,7.6445208
136,0.3680421804123761,12.840007,22.351,2.542115e-13
137,1.5277054044244922,7.9085665,22.461,3.4838338e-13
138,2.9193091749431894,15.178246,22.655,240.4396
139,2.5482983833105957,12.838695,22.883,3.422427e-13
140,1.861513506195132,12.992125,23.009,1.3406493e-13
141,-0.24853065878767858,12.12568,23.144,3.7513964
142,2.0814822339946257,16.959517,23.555,1.2141759e-13
143,2.6783090663372255,17.157894,23.857,4.227927
144,2.0049999383297044,13.350488,23.986,7.030158
145,1.5613735275857743,15.95173,24.163,5.1087613
146,4.369417097018167,17.75909,24.642,5.6098423
147,2.7751563503982264,17.605879,24.918,6.5601964
148,1.487309643739027,17.164505,25.309,1.1368684e-13
149,1.8495205472333218,11.924722,25.554,5.479938
150,1.609664445582109,10.451651,25.643,5.4240265
151,0.32498675949374134,15.055718,25.82,3.7303494e-14
152,2.383623784254133,16.895893,26.107,7.866643
153,2.4152876062992448,13.465948,26.347,5.573353
154,1.8076473358875884,10.799284,26.463,5.3625973e-13
155,1.5754976632212625,17.028069,26.771,1.7053026e-13
156,2.371707976438162,13.420198,27.018,6.9148874
157,3.975494134673781,17.770027,27.45,7.007914
158,4.259933139486038,18.105242,27.996,4.4411387
159,1.9761779230375605,13.17674,28.179,5.1184273
160,1.9540479087323106,12.319691,28.392,6.551475
161,2.878111659998862,15.944281,28.583,4.409987
162,2.782283552702332,15.336244,28.806,1.7053026e-13
163,1.829501375631068,13.386952,28.952,1.9895197e-13
164,0.6435280025390203,16.257324,29.237,1.2710575e-13
165,5.603197248027488,18.780993,29.998,7.3316965
166,2.362701952471073,15.345996,30.149,1.2141759e-13
167,3.2317319263955455,17.122051,30.532,1.9895197e-13
168,2.082178949511234,16.404238,30.73,1.2710575e-13
169,5.152203756621253,19.107918,31.61,2.0495186e-13
170,3.1746766673120246,17.671635,31.997,2.842171e-13
171,2.799681043036893,16.64236,32.341,1.5106346e-13
172,1.850874470267252,14.381514,32.563,8.467786
173,2.5994925553255426,15.244647,32.755,1.1368684e-13
174,4.700796373146446,18.65984,33.481,5.848998
175,2.34256581457239,14.630492,33.62,3.339935
176,3.0986587255150195,17.187403,33.971,5.1851845
177,1.31656645154947,9.40565,34.166,2.542115e-13
178,3.9508882423858074,18.428314,34.753,6.943282
179,3.441076558087262,17.853092,35.122,7.1054274e-14
180,2.0088298273325678,15.171388,35.282,4.7585454
181,4.457103744365465,18.569582,36.074,6.9683776
182,3.527746961467026,16.912067,36.446,1.1457157e-13
183,1.86324216325348,13.735467,36.673,1.1368684e-13
184,1.4537992034587977,8.8448105,36.794,4.6185278e-14
185,1.431977006818206,9.585075,36.981,1.6077747e-13
186,3.619118820473154,17.080431,37.387,5.719689
187,0.35300237665923384,10.602881,37.587,5.684342e-14
188,3.368572601898631,17.884758,38.236,5.7147775
189,3.3122312386077732,15.740207,38.588,4.447795
190,1.6452649445204086,12.513968,38.859,8.44785
191,1.0466950361209117,9.235384,39.112,5.684342e-14
192,1.9816389720528036,14.737019,39.542,4.973799e-14
193,3.5259707096570985,16.943989,40.151,1.6077747e-13
194,1.7853435072153585,10.388873,40.514,8.3227415
195,3.458714355156556,11.822612,40.856,4.250202
196,3.717747730142035,15.058499,41.245,6.3353634
197,2.619096073709188,12.800045,41.445,212.49283
198,5.180824612677509,17.324226,42.126,1.2710575e-13
199,6.044545475442329,18.416033,43.133,2.1316282e-14
200,3.32164157969043,16.60095,43.607,3.75404
201,2.636649665040222,13.792311,43.877,5.684342e-14
202,2.9712251890181838,17.498692,44.342,1.1368684e-13
203,-0.640006098995815,10.792358,44.516,3.8131724e-13
204,2.9265641265818374,14.053605,44.739,6.4243283
205,2.972678193780895,14.050241,44.914,1.1368684e-13
206,0.5864241519143548,4.2643833,45.065,5.25477
207,2.813201973392528,17.459534,45.455,1.1457157e-13
208,4.768855584355325,18.306402,46.19,2.0495186e-13
209,2.3447288871967515,14.977852,46.528,6.0661316
210,2.323977425529966,16.735426,46.856,2.3821732e-13
211,1.7681004397434281,11.947273,47.051,2.842171e-13
212,2.2795955892944355,13.903112,47.201,1.1718571e-13
213,-1.6644749793775926,8.380714,47.399,6.5607758
214,3.513418734267496,16.984104,47.779,1.4210855e-13
215,2.6222844882156604,14.567353,47.985,2.608766e-13
216,3.6199665487506314,17.505444,48.415,6.145433
217,2.8833329280008253,16.886633,48.947,6.419616
218,3.3903231181702007,18.255241,49.408,6.71098
219,0.9307505711338085,14.319472,49.59,3.8131724e-13
220,1.978456554467917,11.624527,49.833,6.7256136
221,2.3951811377921457,14.188605,50.014,5.7114677
222,2.4345259854851595,15.40909,50.251,6.654902
223,3.682241604775348,17.436415,50.646,4.812828
224,-3.638454635772142,11.89044,50.853,4.7670345
225,1.9650374010502856,14.259233,51.035,1.4210855e-14
226,2.397435905812841,16.938778,51.44,2.0495186e-13
227,2.606201890919546,16.162102,51.74,2.0495186e-13
228,2.499272558321251,14.637055,51.926,1.1368684e-13
229,2.0853192000944873,16.89123,52.19,8.038873e-14
230,1.945580086702749,15.149691,52.491,2.608766e-13
231,3.07102740171868,17.089804,52.803,4.5563466e-13
232,1.4016762655103858,9.159111,52.877,5.684342e-14
233,1.8205042051306128,13.347751,53.046,1.1368684e-13
234,0.6665986641631493,5.768672,53.198,5.264296
235,1.9915616771756135,15.257724,53.382,1.2710575e-13
236,2.0177330206295436,16.88845,53.613,60.023193
237,1.9428988775999898,16.31563,53.927,3.4576503e-13
238,2.896211646533201,18.932354,54.681,5.4437046
239,0.8577915825793175,6.434538,54.759,5.684342e-14
240,2.72464459360524,17.00146,55.081,2.0495186e-13
241,1.0424197732528326,8.615335,55.261,6.0602527
242,2.086881919114724,13.112495,55.38,7.2119684
243,3.001435020882433,16.502789,55.605,7.7051578
244,2.546867144156422,16.227516,55.914,1.6077747e-13
245,1.4403850640209213,9.950719,56.012,1.1368684e-13
246,2.492493885038525,16.452473,56.259,132.28911
247,2.917370974398741,17.800533,56.709,3.7337325
248,1.771922413935457,14.263654,56.87,1.1368684e-13
249,2.9325570676917576,17.791513,57.25,2.842171e-14
250,2.0501610060531474,14.835839,57.385,1.1368684e-13
251,2.5144529568908354,15.0377245,57.63,4.8857594
252,0.9969700611866643,6.466148,57.684,1.3406493e-13
253,1.1704038847522007,8.609725,57.768,2.2737368e-13
254,3.2968688872689085,17.647045,58.19,3.3181734
255,2.9073104282838056,17.412188,58.503,6.9162707
256,2.7598956940138493,17.404196,58.787,7.77096
257,2.7986686926062245,15.10474,59.048,7.3671203
258,1.512757842271735,10.620696,59.155,2.0495186e-13
259,4.9360272798085125,18.610909,59.77,5.3967624
260,0.6196038875923513,4.9396205,59.827,1.6077747e-13
261,2.6104995194838234,17.383749,60.24,7.0894046
262,1.0580779175900183,8.736187,60.336,7.832502
263,2.776537865324301,17.5923,60.616,3.570338
264,1.3658717933510278,9.904561,60.777,1.2789769e-13
265,1.9252941898995417,13.461312,60.872,1.8198774e-13
266,1.3332257428310281,11.857095,61.014,3.7104697
267,2.42764321805346,16.57553,61.214,2.2825935
268,2.216128724127615,16.996244,61.535,6.2571883
269,2.738010299651315,15.987088,61.707,4.5175858
270,3.7199461217386696,18.822802,62.282,7.489386
271,4.962319651682502,18.570522,62.983,2.620352e-13
272,5.089047393987561,19.145096,63.765,5.8244677
273,1.978190084712315,13.421784,63.883,2.2837068e-13
274,4.877896057806534,18.593624,64.352,1.6077747e-13
275,1.6459489121595516,10.869565,64.518,102.65002
276,4.5240484965223065,17.835907,64.842,6.8698664
277,3.5389159907783534,17.158499,65.106,5.005192
278,1.8053577945925263,11.869079,65.305,1.1368684e-13
279,2.343741831162946,15.777498,65.49,3.4209978e-13
280,4.01076222655931,18.187586,65.921,2.2914315e-13
281,4.707880420026921,18.185938,66.388,1.4210855e-13
282,0.9388697488391599,6.733333,66.451,4.694237
283,3.7978905350689387,17.966854,66.813,3.063317
284,2.800637459548186,16.91602,67.112,7.582621
285,3.3689368354333538,16.856468,67.446,7.031958
286,3.512834136697111,16.720114,67.686,7.0124297
287,2.47758821185594,15.982215,67.883,1.1718571e-13
288,5.486552997416015,18.416145,68.539,6.410835
289,2.2960402846556023,14.168906,68.661,6.6228986
290,3.5528215228525233,16.854727,69.084,7.1054274e-14
291,1.4044674614410422,9.985378,69.194,2.6939557
292,1.3745846454833366,10.593227,69.384,5.4336877
293,1.6458594124103734,10.8433895,69.493,4.2632564e-14
294,2.2858166510481452,14.934541,69.695,1.1457157e-13
295,3.025788236247458,17.309544,70.063,226.72289
296,1.77585814353719,12.469681,70.263,7.614256
297,2.4339745545798968,16.459196,70.5,5.515631
298,-0.07507507790667767,14.230756,70.682,1.4210855e-13
299,2.40722891064781,15.716504,70.979,5.41779
300,1.4903835855673717,11.5252905,71.084,40.331135
301,2.297700097627985,16.74872,71.355,2.3437141e-13
302,2.077364516477718,14.44318,71.524,2.2737368e-13
303,1.1148112829912058,8.085551,71.687,6.988299
304,1.9575405069743343,11.169539,71.825,7.9584675
305,1.3256086864668717,9.227572,71.933,5.090766
306,0.9986748902255742,6.5729866,72.099,1.1368684e-13
307,1.3818806004458057,10.632749,72.216,2.6443265e-13
308,2.1466393672409447,15.887115,72.403,6.3035607
309,1.1034948437710972,7.564684,72.572,1.7975468e-13
310,1.8914336080455518,11.88418,72.685,6.9823017
311,5.827814846274443,18.775312,73.37,1.6077747e-13
312,4.074361786883344,18.5822,74.07,8.642039
313,4.046662017396935,15.170571,74.426,2.5923247
314,2.9051472279129107,17.180162,74.807,1.1368684e-13
315,3.5655307030050265,16.632135,75.203,5.240704e-13
316,2.36147841902801,13.196309,75.47,2.2914315e-13
317,1.9396355284440814,10.793107,75.652,2.542115e-13
318,1.189706864227009,15.775391,75.94,1.8198774e-13
319,4.946797069997332,18.59041,76.8,2.542115e-13
320,1.5965325782133817,11.46417,76.949,5.466876
321,2.9158866575015794,16.413527,77.22,1.2710575e-13
322,2.5673863705042685,15.340689,77.473,5.6998415
323,2.6348507765030873,16.985764,77.894,7.447947
324,4.6460329915670275,17.397776,78.34,1.2710575e-13
325,2.9805589736373417,16.125473,78.567,5.8739343
326,2.8371440510884116,16.25287,78.78,7.976011
327,2.0178736038853353,12.669452,79.073,1.2593668e-13
328,4.294449500738694,17.429739,79.531,1.4210855e-13
329,1.5783218857758752,11.136805,79.676,7.23625
330,1.7798438383186939,10.804009,79.918,1.1910866e-13
331,1.5313585912280514,10.087095,80.056,3.4576503e-13
332,3.153231205262674,16.738256,80.428,1.563194e-13
333,0.8527091004512213,14.662516,80.724,6.003887
334,2.1250556822853204,12.156851,80.848,1.7053026e-13
335,3.0510162683728663,17.282404,81.199,4.2549357
336,2.135572756274335,17.227798,81.51,1.1718571e-13
337,3.1613591823087073,17.061184,81.87,3.7777593
338,2.5398989986246905,16.918823,82.283,3.2787495
339,1.473007057199099,11.554418,82.413,1.0125234e-13
340,2.262731621572302,15.682182,82.589,5.684342e-14
341,1.7581339420131379,14.109626,82.832,2.6537688
342,1.8694403465218363,15.011298,83.002,6.057004
343,3.022588404969387,17.037716,83.33,1.2710575e-13
344,2.2952664893773047,15.602737,83.647,1.6077747e-13
345,2.5683791834650065,16.486643,83.891,2.0495186e-13
346,1.7740160890283383,13.848662,84.046,1.6077747e-13
347,1.6009583478392282,10.923518,84.14,79.9716
348,3.6863086332926343,18.930344,84.899,4.5254245
349,2.6508018947811745,17.58005,85.183,6.0508265
350,4.67648864232767,19.038736,85.978,2.3133595e-13
351,1.5047116163132648,11.48464,86.199,4.227571
352,2.2353714949332866,17.381166,86.498,6.392603
353,1.6563826733238425,11.028863,86.601,3.1687999
354,2.2409749326296846,17.639347,86.972,5.888699
355,1.2876348996176394,10.367658,87.167,2.542115e-13
356,2.0562231190202507,17.328007,87.482,1.6077747e-13
357,1.0656463570275205,8.439419,87.559,5.8431687
358,1.3785099632700755,11.200374,87.758,5.825585
359,1.9079252786506409,12.991678,87.885,5.082468
360,1.3739265076490366,10.0,87.983,2.542115e-13
361,1.457421583892704,11.913304,88.192,5.5709534
362,0.9290845607108564,7.056189,88.269,2.542115e-13
363,1.9953560060340907,17.1919,88.557,7.4429393
364,1.9400062243338603,15.08664,88.722,6.2481265
365,1.5929149346342242,14.1461735,88.988,1.4210855e-13
366,1.978486468429312,14.58949,89.155,1.2710575e-13
367,1.175473163604047,10.376467,89.249,6.4541664
368,1.1719604863759725,10.0,89.429,2.2781733e-13
369,1.109063558679632,8.5,89.5,6.937053
370,2.1234876750760785,17.234417,89.777,4.670355
371,1.5715675444029347,13.0,89.92,6.7872577
372,2.1682134136087328,14.82895,90.156,7.9308105
373,1.3750721323289226,9.842904,90.255,5.136236
374,2.1350332598851645,13.940255,90.398,4.965908
375,1.3799863524216256,11.25,90.593,5.6309986
376,1.9941975970060775,15.275676,90.771,5.904796
377,1.8225810358086945,14.153835,90.897,2.0495186e-13
378,0.7274468999094919,6.0,90.965,4.285842
379,2.0072805753229304,16.221146,91.288,2.542115e-13
380,2.012024274479138,15.831083,91.491,1.2710575e-13
381,2.0135599197444667,14.473684,91.624,6.039613e-14
382,2.210400855482825,15.713768,91.92,2.842171e-14
383,1.3501684601204236,11.25,92.035,7.6336393
384,2.1431409370996293,13.4375,92.149,1.2710575e-13
385,2.1648398861507956,14.473684,92.286,6.058445
386,2.3308622338850293,16.037735,92.571,6.3921237
387,2.841795335226038,18.247545,93.023,6.7964807
388,1.4389325798302295,10.454545,93.12,3.2985697
389,1.0697417292615896,9.383575,93.308,1.2141759e-13
390,1.8308561338671858,16.31579,93.507,6.9602594
391,1.8914269203613372,12.222222,93.631,4.582863e-13
392,2.211146364115409,17.375,93.926,6.2334375
393,1.5590038390128835,12.75862,94.143,2.9644072
394,2.0491997676266602,16.956522,94.414,2.542115e-13
395,2.052286580766634,15.625,94.6,82.63972
396,1.93993162934187,16.612904,94.936,2.4158453e-13
397,0.9227769632656042,7.5,95.007,1.4210855e-13
398,1.9554350822057118,15.434783,95.18,1.2710575e-13
399,3.4767050744206185,18.455883,95.726,2.842171e-13
400,3.6813849175396256,17.789474,96.052,5.8592854e-14
401,4.096052409563155,19.101885,96.83,4.834355
402,2.284648075885447,17.565529,97.254,2.842171e-14
403,0.8414933044208823,7.0,97.324,3.2155493e-13
404,1.770635972438911,13.741213,97.425,1.4210855e-13
405,0.7736446345384853,7.0,97.508,2.2737368e-13
406,2.5444803620161727,18.018867,97.984,6.515977
407,1.7484268429203536,14.473684,98.133,8.526513e-14
408,1.8275694541984373,15.714286,98.301,9.379433e-14
409,2.484879905122249,17.755857,98.712,5.748894
410,2.053886829229167,14.473684,98.912,2.842171e-13
411,2.467848989472401,17.855946,99.29,5.684342e-14
412,2.0591209734954323,17.741936,99.579,5.428644
413,1.5378195386699625,10.399555,99.755,5.9054523
414,2.092222329423639,16.666666,100.011,1.6077747e-13
415,1.2993745476294898,10.0,100.106,40.51813
416,1.4058826911315248,13.0,100.33,3.060729
417,1.6848625500826708,13.815178,100.478,5.880209
418,1.9088018177394868,17.2,100.784,5.4879265
419,2.164747742803063,16.666666,101.026,8.038873e-14
420,1.375137607618334,11.25,101.232,5.5083494
421,1.211561147191737,9.0,101.338,8.541503
422,1.4895521559514096,10.454545,101.435,1.2141759e-13
423,1.6597579330046244,13.4375,101.653,2.481819e-13
424,3.630579508834379,18.813559,102.299,6.8641467
425,4.204308433150151,18.53147,102.784,1.4210855e-14
426,2.365892821490369,17.717392,103.235,4.2272325
427,0.6047369494906503,5.0,103.303,6.2719235
428,2.6238090665511318,17.741936,103.629,6.750156e-14
429,2.07457464539887,16.910759,103.905,2.842171e-13
430,2.143447655661274,14.75,104.155,5.2705126
431,0.9237439373099361,7.5,104.219,3.0611117e-13
432,1.476359142284603,12.222222,104.312,2.301325e-13
433,1.53602075086912,12.222222,104.432,4.590987
434,1.9343074969200926,16.436327,104.731,2.6812987e-13
435,1.4766601684004417,12.5,104.84,8.577263
436,2.6098815113657534,17.60595,105.286,1.2873379e-13
437,1.825476555962771,16.11111,105.527,1.4210855e-13
438,0.6004424955494604,5.5,105.577,1.1374234e-13
439,1.7153019777348022,14.75,105.755,6.7446294
440,2.6996031012808746,18.421053,106.334,4.8567037e-13
441,1.7706535299937995,13.98652,106.456,3.0987396
442,1.8339769413706826,13.421484,106.582,1.7053026e-13
443,2.081504868867194,17.941177,106.964,5.684342e-14
444,1.3533776154773187,10.454545,107.133,7.4724216
445,2.143558521643078,14.581077,107.264,1.6077747e-13
446,2.3848898854882,17.81071,107.613,7.106264
447,2.021474576425514,13.4375,107.85,1.2079227e-13
448,1.914903542705355,14.473684,107.991,1.2710575e-13
449,1.711443081687796,13.0,108.093,3.8315828
450,6.091662452643369,19.225092,109.054,5.684342e-14
451,2.6359378943895773,15.531915,109.212,6.1284785
452,1.940644384636786,14.166667,109.342,6.164475
453,4.930377654550027,18.64347,109.965,2.3437141e-13
454,2.6730571623090476,17.8125,110.36,157.20206
455,3.8464544344689053,18.235294,110.801,365.23785
456,2.3573893501320886,14.878049,110.971,3.9232755
457,3.0697775183861165,17.236841,111.268,2.589929
458,2.164705246332996,17.042253,111.626,7.8790803
459,4.180824043615359,17.789474,111.938,5.92403
460,1.5178057789064976,11.6,112.052,1.1718571e-13
461,2.288279224325148,16.612904,112.331,2.4283518e-13
462,2.2589467847813203,14.74747,112.587,6.0898657
463,3.7495165232517618,18.476496,113.12,6.417861
464,2.596335884340555,14.878049,113.292,6.819202
465,2.0459230859450597,15.116279,113.575,3.7732253
466,2.0071810489786666,14.166667,113.721,3.61768
467,3.429488852801449,18.551723,114.189,2.842171e-14
468,4.944102752641074,18.970863,114.951,649.2765
469,1.2336165639961865,9.0,115.106,5.545878
470,5.045326118694688,18.942236,115.738,2.542115e-13
471,1.5575444643677294,10.869565,115.828,1.1718571e-13
472,5.385693285025288,19.003391,116.659,1.3406493e-13
473,1.726724144269244,13.636364,116.792,5.2033005
474,3.786995961114499,17.98077,117.125,2.2914315e-13
475,2.7792160152941796,16.666666,117.354,5.457314
476,3.968976118943718,17.997578,117.787,6.197636
477,2.6724011857087584,15.714286,117.941,1.1368684e-13
478,4.020039355552834,18.489567,118.401,1.1718571e-13
479,2.927813224110951,18.081818,118.752,5.619464
480,2.855854303076671,15.95451,119.034,8.055627
481,1.8572722662149594,10.454545,119.146,2.542115e-13
482,2.8122927606733623,16.25,119.4,5.333183
483,3.6189896011892264,17.932343,119.797,1.1368684e-13
484,1.5153957787200403,11.6,119.911,5.684342e-14
485,3.222899014751603,17.123287,120.127,3.422427e-13
486,3.2774811615819273,17.152765,120.362,1.7112135e-13
487,3.484479881071173,18.189655,120.814,5.920271
488,3.3311271847614683,17.375,121.077,5.518657
489,4.159032026265309,18.40849,121.512,1.1718571e-13
490,2.6463899371760147,17.5078,121.803,2.2740143e-13
491,2.552372120521933,16.5,122.141,2.3201696e-13
492,1.7291926859071345,14.75,122.308,1.1368684e-13
493,3.8393171411824065,18.64977,122.85,5.3667436
494,2.290425879668328,16.108402,123.075,5.08423e-13
495,3.7574768255167763,18.22097,123.707,3.410605e-13
496,2.5444775297098365,12.683878,124.613,5.6765633
497,2.7032819522034863,18.48586,125.06,4.4770203
498,2.216726096217045,15.068033,125.296,1.2710575e-13
499,1.8288577245369133,13.629143,125.412,2.6812987e-13
500,1.2956949831352658,11.25,125.524,1.4210855e-14
501,2.4139451261511056,17.43969,125.83,5.1766214
502,1.6732761560715406,11.766327,126.048,4.9803667
503,0.9389871368412275,7.0,126.111,5.4066367
504,1.26986538302427,10.0,126.209,4.505378
505,1.704953534818305,12.388022,126.438,5.3329477
506,1.3032820987378155,9.864351,126.549,8.526513e-14
507,1.0580602258922678,7.9882793,126.675,1.7053026e-13
508,1.1863422429500032,9.413038,126.853,3.3358946
509,2.282859183978414,16.538504,127.127,6.964799
510,1.43454040237955,11.328289,127.206,2.0495186e-13
511,0.6745650537338658,5.479679,127.27,6.1096253
512,1.5768920713920516,12.051961,127.495,6.9688683
513,0.971536333235157,6.9290504,127.624,3.5155714e-13
514,1.3008126430878402,9.543402,127.71,7.5653815
515,1.042313857778941,7.0,127.875,45.295895
516,1.897441428717979,16.181818,128.114,5.603057
517,1.4922508404399795,11.477786,128.231,5.0463395
518,2.1043733121657646,14.072308,128.493,1.1718571e-13
519,1.0779177247692175,8.0,128.574,4.1443815
520,1.1477490867219557,9.207569,128.675,6.102524
521,0.971385059830146,7.6754527,128.854,24.312603
522,1.832625300314113,17.432308,129.176,4.877503
523,1.292384044144476,10.454545,129.286,2.842171e-13
524,1.5251383510569114,12.298342,129.528,7.9137917
525,1.942063674489648,16.296564,129.72,5.2336626
526,1.716570912239405,14.15618,129.87,5.652966
527,1.9989492752444895,14.586116,130.017,1.1368684e-13
528,1.3777031807836577,13.037117,130.221,7.3042383
529,2.0869004743296555,15.784794,130.429,6.3552875e-14
530,1.0849317893209312,10.187396,130.574,2.842171e-14
531,1.3078733190824812,11.599459,130.691,7.22797
532,2.3327025026768657,15.324468,130.988,1.1368684e-13
533,1.5076244970760728,11.918464,131.097,5.3868303
534,-0.008472906486884845,14.999711,131.258,4.963638e-13
535,2.209117241745256,14.270495,131.49,5.9874673
536,1.6716370630626904,13.496601,131.642,1.4760873e-13
537,0.6607219187816981,5.759799,131.731,1.2710575e-13
538,1.356243997129514,12.101627,131.95,7.555093
539,1.450579484451697,10.611187,132.056,6.148556e-13
540,0.9559205518384104,8.154822,132.119,1.4210855e-13
541,2.1930715311073605,16.829226,132.407,9.863739
542,-1.4128212180180297,12.879605,132.635,2.7992138e-13
543,1.6559467829797232,13.207151,132.774,5.4671597
544,2.4707001180942623,18.278622,133.177,5.507788
545,2.6893727997578223,18.167349,133.731,6.37075
546,2.426674093787094,14.76092,133.896,4.26103
547,1.0732786849971712,8.442356,134.0,7.2017746
548,2.159010384908193,13.146065,134.139,1.4210855e-14
549,3.7856695264397024,18.51397,134.809,3.5950935e-13
550,1.7978196579668944,14.873305,135.035,1.6077747e-13
551,2.0314379463694943,17.137436,135.336,5.806351
552,1.287119267608587,11.271893,135.528,1.1368684e-13
553,2.2442358851071176,17.447708,135.843,4.8844094
554,1.7564355717818878,14.170894,135.997,6.927792e-14
555,2.088013005111915,17.487562,136.312,2.4283518e-13
556,1.6881627349640376,13.931649,136.533,6.605048
557,2.417272916724946,17.209795,136.806,5.684342e-14
558,1.9746694604834756,14.718837,137.003,1.1368684e-13
559,2.3781201926819766,14.589576,137.272,1.1718571e-13
560,1.7566774813521278,14.945216,137.443,4.7338033
561,3.4435467301987877,18.641788,137.987,5.3610363
562,1.7204300009298592,12.626109,138.088,3.422427e-13
563,0.7323054108322888,6.4661655,138.245,6.136506
564,1.744374607215206,14.247192,138.374,1.389765e-13
565,2.144108375096888,15.146506,138.552,2.0495186e-13
566,0.1889967332322829,16.062672,138.863,2.2737368e-13
567,1.787470718757024,13.531313,139.029,4.362743
568,1.8543973328268089,13.52711,139.192,1.4210855e-13
569,1.8504854308249645,13.313543,139.339,6.7084494
570,2.2281758347112417,17.513876,139.74,2.542115e-13
571,2.1777517329169864,15.518884,139.944,111.5751
572,1.0311750268563409,9.327592,140.023,8.296851
573,2.2040222938410854,16.611237,140.29,5.638748
574,2.2504647646883975,15.8007345,140.593,6.228715
575,-1.218426238383403,12.9757395,140.717,5.7937717
576,1.1738598533065436,7.8030963,140.809,9.537161
577,2.0808933468789,15.408904,141.102,1.3406493e-13
578,1.3854738230257488,12.698621,141.228,4.64542
579,2.2001152609922663,15.524771,141.438,2.7099194e-13
580,2.209580940382795,15.8558035,141.649,7.183601
581,2.1003981246786756,15.759978,141.998,7.6314964
582,1.4417786159068078,10.502039,142.083,3.5950935e-13
583,2.8577501659678584,17.306149,142.371,2.1390169e-13
584,1.7898371579433308,13.123542,142.587,1.1368684e-13
585,0.6044819184953963,5.244028,142.654,1.3221633e-13
586,1.6791170109368114,14.450734,142.821,2.2914315e-13
587,0.8507798210579937,6.660216,142.985,1.1718571e-13
588,1.5683517373463032,10.869565,143.119,1.6077747e-13
589,0.7722014909495913,5.920565,143.184,1.1368684e-13
590,2.1380411169720417,14.43337,143.449,5.806871
591,2.069454597664881,14.749791,143.593,2.2737368e-13
592,2.0959531291814524,16.46908,143.823,2.2737368e-13
593,0.6387468886172807,5.091177,143.888,1.7053026e-13
594,2.4390293384754194,16.964874,144.251,1.1457157e-13
595,1.5964618224724454,12.27041,144.374,1.1566797e-13
596,2.410637169582425,16.40924,144.601,2.3437141e-13
597,1.878694175557815,14.94045,144.816,2.542115e-13
598,1.1285413159870814,9.0,144.884,1.5342624e-13
599,2.3839894483726907,17.661041,145.195,1.1368684e-13
600,1.191129875441715,9.603093,145.39,2.0495186e-13
601,1.9263528144632849,13.823529,145.543,1.1723955e-13
602,2.8132131096663207,18.119165,145.96,5.684342e-14
603,3.192843792728377,18.444105,146.385,3.9659977
604,1.1866103453290369,8.946479,146.582,1.7053026e-13
605,2.076915160761809,14.75,146.729,103.03748
606,1.260956803697676,11.346121,146.827,1.2710575e-13
607,2.619820127526275,17.740202,147.219,2.0495186e-13
608,1.9933233096136271,13.225806,147.34,7.2861013
609,3.4230701264007757,18.233768,147.763,1.7763568e-14
610,2.1502757471385676,14.406712,147.908,5.4976897
611,2.086945547866163,15.333333,148.187,1.4210855e-14
612,4.683274424711772,18.761951,148.792,2.4414571e-13
613,2.5844551229638335,17.180225,149.063,5.1813135
614,3.44482718194472,18.34238,149.495,6.980242
615,2.479934584014566,14.7467165,149.743,3.0212692e-13
616,1.9685144674400152,12.985007,149.874,1.2710575e-13
617,1.9054173337365687,13.158613,149.992,1.2710575e-13
618,3.335047934552725,17.901407,150.466,1.3406493e-13
619,3.079141624905571,18.026297,150.853,6.038084
620,2.5165337863902657,17.92071,151.236,1.5106346e-13
621,1.401986360712374,11.25,151.431,1.1457157e-13
622,2.1734533905304168,15.666668,151.614,6.1296887
623,1.5757917007249203,13.0,151.727,8.038873e-14
624,2.8543089722665558,18.125,152.147,6.093645
625,1.4207413196493275,9.960856,152.234,1.1718571e-13
626,2.007309683667404,15.625,152.44,4.266429
627,2.416445541014566,17.0,152.716,5.3971243
628,2.52536163255211,17.329065,153.097,6.128757
629,1.4669008637512646,12.464556,153.211,2.842171e-13
630,2.0949913446629864,13.636364,153.338,6.2100067
631,1.706302627661663,13.4375,153.467,2.3821732e-13
632,2.1810929966193537,15.331434,153.712,2.280665e-13
633,1.4292322860363178,12.539551,153.842,2.8563463e-13
634,1.0374276010517165,7.5,153.916,6.5843587
635,2.0370889411889626,13.822776,154.111,1.4210855e-13
636,2.6670501547548655,17.529411,154.432,2.842171e-14
637,2.713793620394833,17.83392,154.821,1.9328853e-13
638,3.701079161406949,18.232767,155.25,1.4210855e-13
639,3.456248903497674,18.157894,155.708,2.2737368e-13
640,1.5841923960700073,10.869565,155.807,7.90656
641,3.4615679706859988,17.662855,156.246,2.842171e-13
642,1.982437127946085,13.225806,156.377,6.6000524
643,2.8791726148289243,17.919468,156.754,6.5909877
644,2.5528422013362695,17.0,157.016,6.8289123
645,2.151594594512999,13.636364,157.239,1.8198774e-13
646,1.593497392811094,11.923077,157.347,1.1368684e-13
647,1.971283603745448,13.823529,157.489,1.6077747e-13
648,2.276421801277843,16.440678,157.833,6.4769015
649,1.8832076590673323,12.75862,157.938,6.5929193
650,2.0274546186832296,13.42695,158.047,4.8730345
651,3.003624568351194,17.55814,158.343,2.842171e-14
652,2.850116368210314,16.714727,158.759,6.2993946
653,4.142914949287696,18.53418,159.246,3.5527137e-13
654,2.5860373017353377,16.71875,159.487,155.8635
655,1.8986531923616077,14.324325,159.648,1.7053026e-13
656,3.9470691357167853,18.65975,160.297,1.2710575e-13
657,1.4596669765086314,13.146738,160.427,1.1910866e-13
658,2.0530307255344686,16.303574,160.63,6.9882483
659,1.0875048180903455,9.0,160.813,7.3834143
660,2.659846316694439,18.173914,161.265,1.1368684e-13
661,2.109747585821445,15.516551,161.399,71.85028
662,2.129569027126066,16.426773,161.706,1.1718571e-13
663,1.4883713926428082,10.454545,161.797,1.7112135e-13
664,2.5704890254370407,18.25,162.196,4.973799e-14
665,1.89176000217871,15.3122015,162.347,4.7192354
666,2.0451107262981574,15.839533,162.629,2.1090077e-13
667,2.7696661585496467,17.63876,162.957,2.2914315e-13
668,1.41448039488825,11.25,163.068,2.842171e-14
669,1.755126083753812,13.225806,163.175,2.277784e-13
670,2.8368311880557218,17.118023,163.544,5.0006647
671,2.8574877412020543,17.547476,163.86,2.3437141e-13
672,1.478835430142803,11.923077,164.047,7.043748
673,1.129304926215192,7.9744334,164.133,6.154196
674,2.4361845706933924,16.753845,164.578,2.0495186e-13
675,2.5568869191648074,16.662766,164.842,1.1390867e-13
676,0.7937504215717115,6.0,164.91,2.3133595e-13
677,1.3427701471943623,12.75862,165.166,3.7139828
678,2.1672872037648223,17.042253,165.474,3.165705e-13
679,1.9122932375094681,13.365364,165.607,5.684342e-14
680,2.4019702495181408,16.666666,165.831,2.542115e-13
681,1.8477534059142284,14.473684,166.077,1.4210855e-13
682,2.7988096780208482,18.538227,166.562,5.469827
683,2.1811535196552305,16.315048,166.757,1.6077747e-13
684,3.8700217713653404,18.435732,167.302,6.604175
685,2.8396017273695864,17.899923,167.781,8.526513e-14
686,2.547603156188654,17.07969,168.066,8.451687
687,3.203541640285644,18.89555,168.781,6.3552874e-13
688,1.9809863032218402,14.166667,169.058,5.642603
689,2.361774500460806,15.531915,169.305,8.956884
690,1.8169512262462404,12.75862,169.439,5.836997
691,2.042487177317372,13.823529,169.702,7.98593
692,2.5355047786266636,17.440369,170.066,2.3437141e-13
693,1.9353205849314705,16.32211,170.303,7.2892656
694,2.1838008832223115,16.956522,170.639,3.0264199
695,3.1746958896467192,18.796827,171.329,2.0495186e-13
696,2.408392202047784,17.439024,171.564,3.1564512
697,1.8591282436915502,14.6145315,171.738,1.1368684e-13
698,2.1513842984524154,17.185776,172.104,1.1718571e-13
699,1.7536439832390975,12.496051,172.224,4.7211394
700,3.473278016108639,17.905293,172.621,1.1368684e-13
701,1.6111670272850205,11.8643055,172.845,8.526513e-14
702,2.5050201946502035,17.457394,173.203,2.542115e-13
703,1.5454175874367584,12.204586,173.313,5.2797284
704,2.082397780085512,16.31579,173.533,1.3746121e-13
705,1.8999533114417553,14.75948,173.843,2.3619534e-13
706,1.6488511796332581,14.3163595,174.036,2.693191
707,1.4514827420405862,10.869565,174.178,1.2710575e-13
708,2.611525233444437,15.843419,174.485,5.7322097
709,2.8940208478364973,16.024527,174.677,1.1368684e-13
710,2.0948924349064275,15.513461,174.847,1.7112135e-13
711,1.4966289821040533,12.482178,174.971,7.405155
712,2.004649984507738,14.166667,175.227,2.481819e-13
713,2.7875640599571136,18.118984,175.716,8.696358
714,1.682875750307222,11.398447,175.838,1.1368684e-13
715,1.7171618580137713,12.153966,176.05,3.5155714e-13
716,2.76108362797165,18.354103,176.54,1.4210855e-13
717,2.0045520804357357,16.459799,176.736,6.4775867
718,1.382644997992096,10.868042,176.848,1.5106346e-13
719,1.8199201889630274,15.572864,177.154,7.693391
720,2.877752593800417,17.445807,177.513,4.6627855
721,2.391957918378569,16.063368,177.754,2.2872966e-13
722,1.1167915317869803,8.0,177.94,5.607233
723,1.330415521933697,10.6881485,178.028,2.1316282e-14
724,-3.3582610241509756,8.393235,178.171,8.086195
725,2.347820425268788,16.78202,178.446,7.3962193
726,2.261187487561797,16.212553,178.752,5.684342e-14
727,2.684479994746762,17.175205,179.052,5.684342e-14
728,1.6443582900319933,12.116079,179.159,3.4433722
729,1.774910281580782,13.39108,179.376,2.3437141e-13
730,1.8880000815208617,15.017749,179.546,2.0495186e-13
731,2.2935028213464275,18.082966,179.866,2.2762334e-13
732,2.3352545477117808,15.514434,180.058,6.1584806
733,3.6164957318810873,18.666327,180.799,1.6077747e-13
734,1.304397939686063,10.114362,180.9,1.2710575e-13
735,2.466050225877527,16.313925,181.106,5.784937
736,3.750274419356031,17.206337,181.532,3.6528566
737,2.430610156496061,15.227273,181.718,5.3162403
738,1.934188587361993,12.650485,181.824,4.973799e-14
739,151.72356113529526,0.34200442,206.189,6.151645
740,1.8954927977654539,13.961259,206.471,10.250667
741,3.301107824200546,15.147907,206.731,1.4210855e-13
742,2.0505730893294296,12.52947,206.956,7.1054274e-14
743,2.976095964041234,16.866434,207.3,221.0722
744,1.6100664734516736,12.668679,207.416,1.2710575e-13
745,3.019357937108533,16.825418,207.704,7.4469113
746,3.0966610045842495,15.648513,208.122,2.2300178e-13
747,1.6784772971445177,13.468024,208.249,1.1374234e-13
748,2.81142830868464,17.757189,208.612,4.434255
749,2.077042290265745,14.904911,208.77,2.3133595e-13
750,1.8507769620640628,12.388212,208.98,5.278702
751,-0.27774638565656834,14.951493,209.166,1.2710575e-13
752,1.074280692651061,8.926919,209.27,2.2087991
753,1.7232387421416882,13.195446,209.531,1.6077747e-13
754,1.343183388801656,10.226315,209.614,4.239523
755,1.8413553590753622,15.032917,209.781,2.2914315e-13
756,2.434607251853218,16.479889,210.156,6.4755235
757,2.4781752916317994,15.27615,210.344,2.2737368e-13
758,2.074102805660623,16.241325,210.515,1.1368684e-13
759,1.827465770482701,12.796762,210.61,9.947598e-14
760,2.3207917939335156,15.281124,210.933,2.478766e-13
761,1.2858043141718303,11.301286,211.042,2.0495186e-13
762,1.7791754560272521,12.144896,211.178,5.6330247
763,1.4712044473824493,9.584993,211.292,5.0847898
764,3.0204549665011604,17.17011,211.912,1.4210855e-13
765,2.6217480509145936,16.18487,212.323,6.610664
766,2.590332478213567,11.453706,212.491,1.4210855e-13
767,2.28547234469028,17.652294,212.806,6.742106
768,1.636656181590575,11.022345,213.042,2.542115e-13
769,3.122123309533174,17.058987,213.333,7.309469
770,2.582563531943911,15.983035,213.565,2.2737368e-13
771,2.2294362050274024,13.869236,213.835,1.1718571e-13
772,3.0765651719757625,17.1046,214.065,6.664355
773,3.8020227628196808,17.180017,214.407,2.842171e-13
774,2.0823472346856127,11.791595,214.504,1.1368684e-13
775,1.3218863470450006,9.5,214.694,1.2789769e-13
776,2.325385339541785,14.586024,214.908,2.3133595e-13
777,2.989188436868892,16.133871,215.213,1.1368684e-13
778,2.0657359230293166,14.70297,215.562,9.055211
779,5.025469979931399,18.157873,216.129,7.1822085
780,-2.2699712209818923,11.690536,216.222,1.1718571e-13
781,3.057555718870764,16.796055,216.531,2.2737368e-13
782,1.2127104180893098,10.454545,216.627,2.2300178e-13
783,2.9940315481140622,18.154814,217.018,7.1825843
784,2.462443724055549,13.869702,217.143,5.83863
785,3.2663004461887764,16.72348,217.514,2.4283518e-13
786,3.8293543226629962,17.380201,217.86,1.1718571e-13
787,4.126073067597915,18.587389,218.434,8.085959
788,3.7066254973619888,17.037756,218.814,8.526513e-14
789,3.2589573972313217,17.788532,219.156,6.4067764
790,2.0807934562602854,12.860552,219.259,133.87144
791,2.291909500327063,15.737157,219.467,6.041007
792,1.9216215170365898,12.75006,219.721,5.3588824
793,2.4180228800810797,14.118432,219.861,3.0841312
794,2.5581120557072863,15.882353,220.048,1.6077747e-13
795,2.362313348052728,16.181818,220.342,5.1490364
796,2.750213758136656,15.714286,220.521,7.513252
797,3.7354967926178526,17.775587,220.854,1.9895197e-13
798,3.2173680857628617,17.55224,221.17,5.664714
799,2.5620802338904216,16.37931,221.49,6.184612
800,5.197239285031996,19.216064,222.328,1.304383e-13
801,2.1240821235187197,15.714286,222.51,1.8198774e-13
802,1.975182528689143,14.858699,222.816,1.6077747e-13
803,2.5576691250407544,16.25,223.056,2.4283518e-13
804,1.13952777686048,8.802216,223.152,2.2914315e-13
805,1.7331951547951747,11.745306,223.256,7.468976
806,7.233472353391075,19.34088,224.691,5.758314
807,2.0943046380798283,12.222222,224.813,5.8322525
808,2.2219679578679368,15.280932,225.123,1.6077747e-13
809,2.248946769933218,16.19225,225.336,8.523206
810,1.4792487846524731,10.454545,225.427,55.739445
811,2.993057640837381,18.47826,225.946,5.947077
812,1.9928523096341422,13.823529,226.17,5.4077497
813,2.18494711443279,15.714286,226.34,81.60451
814,0.8480687057351827,6.0,226.403,1.6077747e-13
815,1.642670176211483,14.878049,226.657,6.6520963
816,1.9421764380008757,15.607961,226.811,2.734436e-13
817,0.41803972794180655,3.4268918,226.854,6.444684
818,2.445402534140173,16.037735,227.176,7.0566597
819,1.261573306500331,8.5,227.27,6.675673
820,1.4151376095210377,11.25,227.378,5.96542
821,1.599068534803835,14.324325,227.534,1.6077747e-13
822,1.2678746611838039,11.25,227.749,16.752094
823,1.681352887637761,15.227273,227.904,1.9328853e-13
824,2.0429705495920722,14.878049,228.064,7.9325886
825,1.945477377786211,14.878049,228.234,1.6077747e-13
826,1.8638431426373452,15.531915,228.502,5.684342e-14
827,1.6410312323535026,14.473684,228.651,4.111126
828,1.7394962383020123,11.6,228.772,4.705467
829,3.150416787235374,18.262283,229.311,7.23961
830,0.9179399598800843,5.5,229.369,4.9620743
831,1.605460807349142,14.137576,229.511,3.8499177
832,1.910085254795407,15.714073,229.682,4.6935
833,1.0237450150890544,9.0,229.872,1.7053026e-13
834,0.6937355563215684,6.0,229.941,5.431372
835,3.3881449837316575,18.53147,230.618,1.2710575e-13
836,0.7933239506112291,6.0,230.824,4.5175858
837,0.4161951603246154,3.0,230.889,3.9565516
838,1.4163871324836939,11.923077,231.036,26.200998
839,1.1239640395377697,8.486301,231.128,40.005783
840,1.4910957065116288,12.754707,231.355,8.526513e-14
841,1.4454210386547532,13.783126,231.499,4.606885
842,1.1862241202902715,9.0,231.586,1.4210855e-13
843,1.7163034632085448,12.5,231.709,1.2710575e-13
844,1.7978879985602976,15.531915,232.025,6.665039
845,0.9457808129696015,7.7855062,232.104,7.5259743
846,0.9458419260807657,7.0,232.177,1.1368684e-13
847,1.2089294928221581,11.323488,232.379,5.0543156
848,0.6211688973650098,4.9489384,232.435,7.036189
849,1.1927591158173068,9.0,232.525,1.2141759e-13
850,0.8089106809164395,7.0,232.706,1.9328853e-13
851,1.3250926090964277,10.869565,232.813,6.165771
852,2.0243816607114353,14.459775,232.951,5.3694377
853,2.8889548162670105,18.107252,233.387,4.256041
854,2.008039526573904,16.228611,233.748,3.7431915
855,1.3978078302142032,9.801401,233.87,5.684342e-14
856,1.8065764067757737,12.222222,233.98,6.110339
857,2.361906848757461,18.0136,234.329,7.993606e-15
858,1.4301131225401438,11.313169,234.57,1.1457157e-13
859,1.122904757785741,9.0,234.649,1.6077747e-13
860,1.8784961803511973,15.482453,234.855,6.876429
861,2.0922362818159175,13.208852,235.08,5.684342e-14
862,1.7327025654031767,13.823529,235.216,6.085062
863,2.435557933053243,17.119024,235.452,5.113423
864,2.164982855238177,16.805235,235.669,7.032387
865,0.9883373706112757,6.5,235.85,48.65344
866,1.9829722688139875,15.187314,236.012,1.4210855e-13
867,2.4180834978220953,15.65319,236.201,3.0611117e-13
868,1.0998944223593288,8.85361,236.385,1.6077747e-13
869,2.801294384788743,18.12359,236.741,5.684342e-14
870,1.997820419688349,14.0,236.881,1.1368684e-13
871,1.8645064505117188,15.434783,237.072,1.4210855e-13
872,3.164253081238837,18.319725,237.582,2.8628003e-13
873,2.123686456883243,14.03497,237.726,3.0611117e-13
874,1.6718642555444487,12.0832815,237.853,1.1457157e-13
875,2.070832121147458,12.980243,238.082,7.81597e-14
876,2.9794878301894134,17.9,238.509,6.175932
877,2.4566225017736434,15.602893,238.713,5.751017
878,3.189072647981599,18.108109,239.235,8.038873e-14
879,2.2080518605800687,15.735369,239.429,1.6077747e-13
880,1.8128843903782146,11.923077,239.522,3.4576503e-13
881,0.5881310317147219,5.0,239.587,8.727359
882,1.9537457642982745,12.75862,239.78,8.572449
883,2.5560362854655296,14.172424,239.948,5.684342e-14
884,2.54015788715731,17.140123,240.21,5.684342e-14
885,2.905094109498629,15.714286,240.511,3.655841
886,2.3720309699036775,16.818182,240.778,7.217589
887,1.138098502866992,8.0,240.867,1.7053026e-13
888,2.391103325832629,15.1292305,241.153,145.31377
889,2.184104527062868,15.590968,241.338,5.55587
890,2.4587898093684,16.155073,241.564,5.5155826
891,1.7450879110679074,11.869913,241.653,1.1566797e-13
892,2.0817333908734974,16.414171,241.989,9.060689
893,2.7316482764342562,15.6997595,242.201,2.542115e-13
894,3.3946118488035113,18.490944,242.719,2.542115e-13
895,2.1678176306716535,15.333333,243.013,1.6077747e-13
896,1.9284866813111499,16.181818,243.229,5.359407
897,2.4252616403084724,15.122115,243.387,7.7130523
898,1.9578281466571328,11.913712,243.527,1.6077747e-13
899,1.7075277953645316,14.324325,243.819,2.4382353
900,2.141632475863805,16.76923,244.016,1.7053026e-13
901,1.824464674768206,13.225806,244.147,1.1713205e-13
902,1.6149378926248175,15.531915,244.46,1.1390867e-13
903,0.8578761425650683,7.0,244.517,5.661205
904,1.781344537370492,15.116279,244.654,5.684342e-14
905,1.7397546562356856,14.324325,244.794,2.2781733e-13
906,0.3428907651474668,3.0,244.964,6.5022016
907,1.9963617579000277,15.8,245.306,2.542115e-13
908,1.32763896400403,11.6,245.398,1.1368684e-13
909,1.4905886942195425,14.318893,245.553,8.978212
910,2.351882905624259,18.183228,246.109,6.8606
911,0.45119568005667016,3.0,246.159,9.285025
912,1.5850205468646192,12.47983,246.267,4.868459
913,1.6964886835705026,15.116279,246.541,1.990788e-13
914,1.4469675632494774,12.128019,246.631,7.432078
915,0.8625801694540508,6.0,246.69,1.1368684e-13
916,1.7348643045381964,13.225806,246.934,51.766994
917,1.4564236032055615,13.0,247.244,6.886558
918,1.6285923535827425,14.327479,247.408,6.878286
919,1.0130724067042385,8.338055,247.701,2.0495186e-13
920,1.2799360122638803,12.175215,247.819,6.9527655
921,1.030911650757591,8.5,247.9,2.3437141e-13
922,1.5133202721182635,14.5535755,248.066,6.0861773
923,1.2890273021246526,11.25,248.267,1.1457157e-13
924,1.6567244085415034,15.672562,248.454,4.489911
925,1.0553428958464253,9.338763,248.547,7.6645956
926,1.1500614653182695,8.85526,248.759,6.8476753
927,1.6814000880362667,14.878049,248.941,5.013057
928,1.519263740907339,13.310156,249.062,1.4210855e-14
929,0.80737778161018,7.0,249.135,6.4131303
930,0.8654081239645838,7.0,249.306,4.6926265
931,0.38176774591107837,2.8565457,249.35,2.3437141e-13
932,0.9755904450986329,9.0,249.444,6.154045
933,0.42264790077906106,3.0,249.484,3.66808e-13
934,1.6259398337365383,15.408182,249.823,2.3437141e-13
935,1.6879318143080142,15.8910265,250.042,1.1718571e-13
936,0.3500000000000019,3.5,250.207,1.4210855e-13
937,1.1822491445265648,11.25,250.299,4.837071
938,0.7219994809218101,6.0,250.357,1.2710575e-13
939,1.534175678663308,13.993321,250.489,6.812654
940,1.4339380880689023,11.923077,250.715,7.07792
941,0.7812701895413543,6.0,250.78,6.1947975
942,0.755580847995868,6.0,250.845,5.3405557
943,1.8101058887555959,13.622855,251.119,4.2632564e-14
944,1.7762811862201815,15.8,251.329,2.542115e-13
945,1.398459162183091,12.497698,251.452,3.9199471
946,1.3088841943839953,11.198978,251.556,1.4210855e-13
947,0.6975933190534681,6.498658,251.824,5.684342e-14
948,0.5923706134518597,5.5,251.898,1.6077747e-13
949,1.5158040283702128,14.615385,252.054,4.6204915
950,2.0436999464132546,18.330372,252.663,1.6077747e-13
951,0.5305088544519571,4.8541136,252.857,6.1682158
952,1.5914708815437892,14.1569395,252.995,5.9176207
953,1.738591617555558,15.333333,253.175,1.6077747e-13
954,0.8568866805985459,7.5,253.367,1.1368684e-13
955,1.7255905038000976,16.609278,253.633,7.9584675
956,1.333592856413908,9.94165,253.733,5.5429897
957,1.5011421754385244,13.4375,253.987,21.7865
958,0.4643683173155737,3.5,254.032,4.6022377
959,1.036799022954972,8.991818,254.106,6.3949065
960,1.8915609344242468,17.051792,254.409,5.5460563
961,1.9853571820563807,16.925032,254.776,3.0596585
962,1.2600072313413326,11.25,254.877,4.2632564e-14
963,1.6435026156039239,11.923077,254.978,7.12814
964,1.3937870212387287,10.367261,255.055,6.1322803
965,0.7538085043866556,6.0,255.247,4.0134187
966,2.0615274460473705,16.5,255.502,7.244314
967,1.8724275770258232,14.75,255.681,1.2710575e-13
968,0.5979534047414113,5.5,255.851,1.2710575e-13
969,1.4516318806048412,11.916136,255.938,3.4229891
970,1.5192962259479272,12.5,256.042,3.8937514
971,2.3685721560518727,17.789463,256.411,6.739943
972,2.3718770563874605,16.44343,256.755,5.9399614
973,1.246349320740718,9.5,256.842,1.2710575e-13
974,0.6655490199574176,6.0,256.909,5.765571
975,2.3556162787674797,14.932544,257.217,135.9638
976,1.8599952669733641,14.615385,257.375,2.0495186e-13
977,1.9200634266615064,14.864465,257.542,5.471196
978,0.9457607327124032,8.0,257.755,5.105748
979,1.878729806468137,14.611306,257.905,62.222248
980,1.5585604805575912,14.122493,258.035,4.0426292
981,1.7125515226714603,15.531915,258.238,1.1368684e-13
982,1.7924833970888439,15.0,258.508,5.541245
983,1.505535067406385,12.496764,258.636,6.252102
984,1.6984861147191441,14.948161,258.79,6.836134
985,0.7642018280363868,5.5,258.975,3.991498
986,0.5359952151447042,4.5,259.05,5.684342e-14
987,-9.517461259703401,4.4,259.113,1.2710575e-13
988,0.984853660799996,8.91752,259.229,1.2710575e-13
989,0.35100019934919635,3.0,259.392,8.888434
990,0.7670054256931735,5.0,259.468,1.6077747e-13
991,1.0351049665567813,8.955449,259.541,1.1368684e-13
992,1.267942698083019,10.865488,259.775,2.2914315e-13
993,0.9886653153971808,9.419323,259.883,6.3520536
994,0.8569260584749783,6.5,259.976,5.455246
995,0.521269354493547,4.0,260.164,2.2948887e-13
996,0.5413216288438094,5.0,260.215,2.0495186e-13
997,1.2096714973150173,10.454545,260.301,9.146086
998,1.0890539104550097,8.5,260.518,2.2748467e-13
999,0.6980877266392345,6.5,260.61,2.3437141e-13
1000,0.6811198106479276,6.380597,260.727,8.526513e-14
1001,0.3494785931209074,3.0,260.806,7.9869213
1002,0.7447775394275719,5.5,261.011,1.8043629
1003,0.6538974471142149,6.0,261.101,7.1074724
1004,0.44245017780306295,3.0,261.159,1.6077747e-13
1005,0.9188868226414697,8.5,261.392,5.222269
1006,0.40497501163584804,3.0,261.44,1.9617286e-13
1007,0.34269819091065296,3.0,261.488,5.684342e-14
1008,0.33904030674544355,3.0,261.661,4.4391665
1009,0.7125052649724264,6.0,261.712,1.0036416e-13
1010,0.33439464024988996,3.0,261.755,3.197806
1011,0.371708246908602,3.0,261.797,6.1957817
1012,0.4084058939110041,2.7620866,261.999,5.6494
1013,0.895045867465664,7.5,262.086,2.2748467e-13
1014,0.39762103165569773,3.5,262.146,6.517239
1015,0.4303543571483294,3.0,262.32,1.2710575e-13
1016,0.3601198718195292,2.9135377,262.372,1.1368684e-13
1017,0.49945715043429695,4.5,262.453,1.6077747e-13
1018,0.44175835433564214,4.0,262.637,5.044965
1019,0.5718153928896753,4.491254,262.698,5.123989
1020,0.3690298172756936,2.9375267,262.739,6.6034656
1021,0.4250827557219394,2.9331496,262.956,7.81597e-14
1022,0.3000000000000012,3.0,263.0,7.1054274e-14
1023,0.34609531079020794,3.0,263.044,5.9073257
1024,0.5382725266471785,4.0,263.094,6.2232866
1025,0.4247616693741186,3.0,263.268,1.1762916e-13
1026,0.43523301776826945,4.0,263.335,5.684342e-14
1027,0.3772560477256786,3.7725606,263.402,1.8198774e-13
1028,0.38804725202667845,3.5,263.575,1.1368684e-13
1029,0.32465359863900173,2.7769897,263.625,1.2710575e-13
1030,0.34772168637495904,3.0,263.671,7.286885
1031,0.41392044696887254,3.0,263.726,6.8754635
1032,0.7156414911755453,5.5,263.921,8.881784e-14
1033,0.3458813556748908,3.0,263.976,5.3035583
1034,-13.885488331450327,2.9273086,264.033,16.159864
1035,0.32728128924342387,3.225707,264.217,4.239523
1036,0.39301508436984794,3.0,264.259,7.100871
1037,0.4421837172591143,3.0,264.303,21.331715
1038,0.3000000000000002,3.0,264.466,1.4210855e-13
1039,0.3308174369107681,3.0,264.51,1.6077747e-13
1040,0.35867100041168604,3.0,264.555,6.5644283
1041,0.43923843655614647,3.0,264.633,5.4160633
1042,0.41790889107316775,3.0,264.806,6.858496
1043,0.39272887144018503,2.9530356,264.847,6.4190044
1044,0.38832036699150224,3.0,264.889,4.9902534
1045,0.3998460642085849,3.0,264.938,8.526513e-14
1046,0.6001141931862359,5.18399,265.114,5.3749113
1047,0.5280165551945404,3.7845972,265.17,5.684342e-14
1048,0.2980884841510239,2.9808848,265.223,1.8198774e-13
1049,0.5774139918753307,4.8905225,265.41,1.5106346e-13
1050,0.3292083100275594,3.0,265.461,1.2710575e-13
1051,0.33155262703597765,3.0,265.498,1.7112135e-13
1052,0.4898339872391557,4.5,265.558,1.3406493e-13
1053,0.4348859880159046,4.0,265.722,1.1368684e-13
1054,0.367499079642597,3.0,265.786,5.8038893
1055,0.4162101010987186,3.0,265.96,1.8198774e-13
1056,0.33344395843835073,3.0,266.024,8.348877e-14
1057,0.347070618986009,3.0,266.069,4.5568113
1058,0.38998265360501466,3.0,266.114,2.2872966e-13
1059,0.34512865848827456,3.0,266.314,7.2210646
1060,0.43148117224737215,3.231652,266.376,3.5527137e-14
1061,0.33721790484924485,3.0,266.438,3.5527137e-15
1062,0.3411860701867968,3.0,266.627,1.2141759e-13
1063,0.6444397812459857,5.921348,266.713,3.410605e-13
1064,0.38397113987107434,3.5,266.764,5.684342e-14
1065,0.3897550623640144,3.5,266.814,1.1457157e-13
1066,0.4130721386288879,3.2088182,266.977,1.8829593e-13
1067,0.339422286349091,3.0,267.032,5.191054
1068,0.4608641886100543,3.5,267.087,2.542115e-13
1069,0.3000000000000038,3.0,267.245,1.1718571e-13
1070,0.30699106130275144,3.0,267.288,4.893743
1071,0.4539567744592726,3.5,267.341,2.4283518e-13
1072,0.9035959889276626,8.993215,267.438,8.12155
1073,0.6416487378538304,5.0,267.604,9.625712
1074,0.4836862731406657,3.350618,267.649,3.3910382
1075,0.6169560722522716,5.2575865,267.712,8.038873e-14
1076,0.34771167542758313,3.0,267.864,5.5586357
1077,0.3839542773296012,3.0,267.908,7.359358
1078,1.3188890442087362,11.175504,268.013,6.5669527
1079,0.4405016913142757,3.0,268.221,6.096788
1080,0.5441794793877569,4.0,268.275,7.895533
1081,0.6946571271726804,5.6061907,268.351,5.0543156
1082,0.521012941658707,4.0,268.398,7.484728
1083,0.4104265097032747,3.0,268.567,2.4512799
1084,0.5786304917082117,4.9867673,268.626,5.0000854
1085,0.46302786435499,3.4860973,268.673,4.433044
1086,0.39357337638610707,3.0,268.737,6.6047645
1087,0.43761760141804107,3.0,268.888,4.0287347
1088,0.38955724187633234,3.0,268.932,6.399121
1089,0.4941017722962921,3.5,268.976,7.1020284
1090,0.4014575502783081,3.0,269.131,14.204057
1091,0.41264908830619595,3.7648783,269.209,8.881784e-14
1092,0.33342916045166354,3.0,269.248,1.2710575e-13
1093,0.3306369773511313,2.981333,269.293,5.684342e-14
1094,0.3517844728901502,3.0,269.463,5.620193
1095,0.4136405378121287,3.0,269.532,4.963638e-13
1096,0.44490042712199557,4.0,269.594,3.4576503e-13
1097,0.3094813905900441,3.0,269.76,6.6369734
1098,0.40235532338438634,3.0,269.809,5.278992
1099,0.7165304591480678,5.842348,269.888,2.3979182
1100,0.3578509161921324,3.0,269.938,7.6767583
1101,0.5128867829733578,3.5,270.098,1.1718571e-13
1102,0.33256176890330325,3.0,270.144,1.5106346e-13
1103,0.39425407700933984,3.5,270.193,7.356317
1104,0.4559117744099546,3.0,270.358,6.2598476
1105,0.43682104147168904,3.0,270.406,7.9073014
1106,0.3564807228314563,3.0,270.448,2.542115e-13
1107,0.3830331197967245,3.5,270.633,1.1566797e-13
1108,0.4512345917386442,4.0,270.687,4.792411
1109,0.393296882217343,3.0,270.73,1.4921397e-13
1110,0.4269574986457074,3.8677855,270.775,1.8758866e-13
1111,0.33335321849790517,3.0,270.95,1.2710575e-13
1112,0.3965561467320909,3.5,271.006,5.4494066
1113,0.40989538236485185,3.0,271.051,2.3821732e-13
1114,0.3423670512827372,3.0,271.096,1.8477526e-13
1115,0.33162608598793036,3.0,271.268,2.2914315e-13
1116,0.3320920838395148,3.0,271.316,5.6161146
1117,0.6368908817094636,5.890624,271.389,7.199693
1118,0.6207858858584835,4.5,271.576,5.7382035
1119,0.4245620037726809,3.0,271.621,6.747
1120,0.43938322175544403,3.0,271.661,3.4207482
1121,0.3681756000931946,3.0,271.714,10.22501
1122,0.3399923684467317,3.0,271.874,2.3480856e-13
1123,0.3571739451367169,3.0,271.909,4.7672787
1124,0.39585841069114497,3.0,271.952,1.4210855e-13
1125,0.33591477543343473,3.0,272.109,1.1368684e-13
1126,0.3985576734080841,3.4861581,272.172,3.116684e-13
1127,0.3958474486136763,3.4433565,272.227,8.913183
1128,0.4134857696958326,3.4663692,272.275,1.2873379e-13
1129,0.3894232675130589,3.5,272.437,2.842171e-14
1130,0.33629743607110957,3.0,272.482,4.0735626
1131,0.35404206958136475,2.6543615,272.539,4.44927
1132,0.5042993145663609,4.0,272.598,4.4089336
1133,0.36635558359944315,2.8054442,272.771,3.5527137e-14
1134,0.3805006918295591,3.4678369,272.82,1.1718571e-13
1135,0.4458815607076635,4.0,272.872,5.263761
1136,0.4478164289204212,3.2603188,273.054,7.89829
1137,0.46415483823060744,3.0,273.094,3.992875
1138,0.3798451568809414,3.0,273.133,2.2737368e-13
1139,0.34426343313312036,3.0,273.223,5.7246685
1140,0.423654077263571,3.0,273.381,6.4037385
1141,0.5425336125983499,4.0,273.431,1.8198774e-13
1142,0.39834787593417115,3.5,273.479,7.261287
1143,0.40373267378684913,3.0,273.632,2.2914315e-13
1144,0.33306912223898655,3.0,273.672,2.335352e-13
1145,0.393228471678667,3.5,273.714,6.584331
1146,0.4373680603373234,2.95695,273.76,6.5837245
1147,0.4116519926754331,2.8068376,273.925,1.2710575e-13
1148,0.3824248180953904,3.4038286,273.987,7.357786
1149,0.4051112326318341,3.0,274.027,2.6812987e-13
1150,0.34752028039968835,3.0,274.071,6.1138186
1151,0.38844702269358516,3.0,274.216,6.6089926
1152,0.4023019722993859,3.0,274.255,5.521456
1153,0.5142493239613081,3.9146814,274.32,3.5950935e-13
1154,0.3000000000000053,3.0,274.48,1.4210855e-13
1155,0.3588365097450955,3.0,274.521,6.0813036
1156,0.4211185653585436,3.0,274.57,2.3437141e-13
1157,0.39053532764640275,3.5,274.732,4.8520865
1158,0.4031604615979619,3.0,274.775,3.7139828
1159,0.3871785897851802,3.0,274.853,7.173763
1160,0.3194197773297619,2.681786,275.031,2.1316282e-14
1161,0.3359692756153447,3.0,275.08,2.2737368e-13
1162,0.38835868087535164,3.4628377,275.138,2.5582005e-13
1163,0.33611823966802173,3.0,275.188,1.2789769e-13
1164,0.3591704595803037,3.2623532,275.383,1.2141759e-13
1165,0.3064493370969322,3.0,275.429,4.514536
1166,0.40424449433741294,3.0,275.479,7.0580173
1167,0.44501512012880334,3.0,275.646,2.8241332
1168,0.6342365661002485,5.5,275.715,8.555707
1169,0.47147307752014844,3.0,275.767,2.4158453e-13
1170,0.32148349598978293,2.8025398,275.817,2.542115e-13
1171,0.3751582643787938,3.0,275.984,1.3406493e-13
1172,0.3481429675209919,3.0,276.022,7.9153757
1173,0.4130767951941961,3.0,276.056,1.1718571e-13
1174,0.3357565909949561,3.0,276.096,4.1220965
1175,0.3831596140447302,3.0,276.26,5.4178884e-14
1176,0.31697089731654987,2.8138402,276.303,5.684342e-14
1177,0.31197362448321614,3.0,276.36,8.381537
1178,0.41973624483215327,3.0,276.562,1.2710575e-13
1179,0.5091703209329609,4.5,276.627,6.9925623
1180,0.44066364130435615,3.0,276.673,2.441053e-13
1181,0.33281332257764945,3.0,276.889,9.947598e-14
1182,0.46018694263264226,4.1426177,276.959,3.566613
1183,0.3743358775514328,3.0,277.012,2.842171e-14
1184,0.3447397567331796,3.4473977,277.177,2.842171e-14
1185,0.36243276514771067,3.0,277.236,4.7961635e-14
1186,0.36337444863620544,3.0,277.279,6.291821
1187,0.4253331291797346,3.0,277.32,1.1368684e-13
1188,0.3659944834813621,3.2770886,277.48,1.2710575e-13
1189,0.33828172016969776,3.0,277.532,6.034944
1190,0.43950085400339356,3.5,277.59,4.9111576
1191,0.3925234739852009,2.9254394,277.745,3.5950935e-13
1192,0.6115682952726528,5.4990616,277.809,8.20285
1193,0.35887046523704325,2.9267504,277.888,5.3225555
1194,0.393858115566917,2.8618217,278.085,1.1368684e-13
1195,0.34680899484732997,3.0,278.132,7.3575406
1196,0.41665673634262645,2.6926796,278.182,1.2141759e-13
1197,0.35176021296495874,3.0,278.377,1.5106346e-13
1198,0.2979639149290045,2.6896243,278.428,6.927792e-14
1199,0.5345711045841607,4.886446,278.49,1.8198774e-13
1200,-7.79346456783243,4.794192,278.696,8.63157
1201,0.4608149936636057,2.7739415,278.753,1.6077747e-13
1202,0.3634000728963779,3.0,278.799,4.574916
1203,0.40068695405215965,3.0,278.854,5.731223
1204,0.4220485854593905,3.0,279.027,5.1546493
1205,0.3942050095700748,2.846833,279.069,4.1867013
1206,0.3896306989245872,3.0,279.109,6.5035267
1207,0.44032326424756685,3.0,279.27,6.609475
1208,0.4318520527313855,3.0,279.322,8.526513e-14
1209,0.4219986392804792,3.5,279.391,7.086334
1210,0.5000301402418048,3.5,279.564,2.3437141e-13
1211,0.4960972175136333,4.0,279.628,5.562577
1212,0.41656532092659804,3.0,279.7,3.5606706
1213,0.37964262039851115,3.0,279.746,5.2404566
1214,0.5697969538997445,4.423914,279.918,6.2723513
1215,0.5921161016420337,4.445612,279.976,3.46243
1216,0.3450277129167742,2.6394289,280.018,5.6229796
1217,0.4028781619194764,2.8949811,280.276,2.0495186e-13
1218,0.3479463456169208,3.0,280.333,7.1519732
1219,0.41067121191136186,3.0,280.381,5.9501157
1220,0.578811055554278,4.347268,280.441,7.116682
1221,0.5583966288168828,4.0,280.616,5.684342e-14
1222,0.6536570610076781,5.9731092,280.688,2.2737368e-13
1223,0.8867721619073357,8.0,280.762,10.929857
1224,0.4536853391215522,3.8358197,280.951,5.4129157
1225,0.5430934605897033,4.1858463,281.006,1.6077747e-13
1226,1.023022379243171,9.752223,281.115,2.542115e-13
1227,0.5440914535336681,5.0,281.185,1.2789769e-13
1228,0.3459857542464389,2.9645262,281.334,2.542115e-13
1229,0.6300296631120672,5.8473964,281.397,3.580699
1230,0.6836902898465715,5.9153347,281.495,8.526513e-14
1231,0.5210921339739729,4.5,281.696,7.928307
1232,0.4686076082254121,2.9983423,281.741,7.379788
1233,0.7865520252406183,6.0,281.824,5.299122
1234,0.495084308840543,3.7222655,282.006,4.756159
1235,0.39499240323664103,3.0,282.05,2.842171e-13
1236,0.408170179022892,4.0,282.102,7.3531613
1237,0.6192926468973049,4.5,282.165,22.083761
1238,0.3000000000000001,3.0,282.318,5.684342e-14
1239,0.36583161879199266,2.9299488,282.366,2.3437141e-13
1240,0.4208918373078816,3.5993624,282.429,5.4612846
1241,0.404184664961692,2.8600006,282.578,6.158038
1242,0.43361461955703007,3.0,282.627,7.3227544
1243,0.6604114909885076,4.8791184,282.704,5.684342e-14
1244,0.42285471065784946,3.8047757,282.755,1.1368684e-13
1245,0.4463183632205181,4.0,282.923,1.6077747e-13
1246,0.49093260614150613,4.467441,282.985,1.2710575e-13
1247,0.42274291370009,3.8077207,283.046,4.9635653
1248,0.5703755922553072,4.443588,283.208,8.705332
1249,0.7061678740470484,5.0,283.268,26.17175
1250,0.6858163560251451,6.2897897,283.343,1.4210855e-14
1251,0.39847913099194265,3.5,283.5,6.117399
1252,0.4799605185164295,3.5,283.549,18.346724
1253,0.4458209814854663,3.8697798,283.617,1.2710575e-13
1254,0.30000000000000204,3.0,283.786,1.2710575e-13
1255,0.4002486616302995,3.5,283.837,6.147871
1256,0.5416643455423727,4.0,283.89,4.9342647
1257,0.4634891666271817,3.5,283.963,7.2122164
1258,0.5653954639220262,4.5,284.157,14.424433
1259,0.29701876810618844,2.9701877,284.21,2.2781733e-13
1260,0.338295183785701,3.0,284.255,4.536257
1261,0.730859658096343,5.8696446,284.441,1.03472786e-13
1262,0.3299189684306893,3.0,284.49,1.2710575e-13
1263,0.3894612034629314,3.0,284.535,6.7754154
1264,0.6126956905146721,4.5,284.709,7.0713353
1265,0.5631413655876554,4.5,284.765,1.6077747e-13
1266,0.4069423542445134,4.0,284.82,6.248119
1267,0.8686080492836674,7.628286,285.044,1.4210855e-14
1268,0.3100652148859591,3.0,285.091,7.0456505
1269,0.4603223808682867,3.4418871,285.14,8.359128
1270,0.5631716415779677,3.7740898,285.208,3.5527137e-13
1271,0.5459413517523722,5.0,285.38,5.609545
1272,1.0996612713640153,9.5,285.483,2.1691928e-13
1273,0.3885119476022012,3.5,285.529,2.842171e-14
1274,0.40423023149819,3.5,285.706,2.1691928e-13
1275,1.2989216829788155,12.349866,285.861,2.1316282e-14
1276,0.8021057867257949,7.0,285.936,1.1748787e-13
1277,1.4733514131053065,11.6,286.051,2.1316282e-14
1278,1.272601056501816,12.222222,286.275,7.2219567
1279,1.446928014758163,12.5,286.401,1.1374234e-13
1280,1.0380910857929284,9.281382,286.526,3.8131724e-13
1281,0.5987431755650419,5.0,286.721,6.7197366
1282,0.7578694382869706,5.5,286.789,26.974602
1283,1.603923756771589,15.434783,287.023,9.269273
1284,0.5580499962331044,5.0,287.097,1.6077747e-13
1285,1.2244239524114717,11.579784,287.372,1.1457157e-13
1286,1.2075833445214492,10.454545,287.48,5.684342e-14
1287,0.5986896884667035,5.0,287.546,12.767332
1288,0.5754530165993988,5.0,287.718,5.742844
1289,1.5236433972379426,11.827071,287.842,3.6397548e-13
1290,1.1097165822616253,9.5,287.934,3.422427e-13
1291,0.7049439024123856,6.5,288.116,7.3762236
1292,1.7815439890566034,14.473684,288.27,1.1368684e-13
1293,1.6637114619668523,14.58011,288.477,1.1718571e-13
1294,1.3790304881124202,12.5,288.733,5.684342e-14
1295,0.872746604768493,8.0,288.824,1.5987212e-13
1296,1.0476319536718128,8.5,288.918,1.1368684e-13
1297,0.9326182578149995,7.5,289.113,1.4210855e-13
1298,0.95987147319933,7.7358785,289.18,4.285669
1299,0.6582971606347274,5.5,289.239,5.3026347
1300,0.712189763967913,5.486449,289.299,1.1718571e-13
1301,0.6300940397833706,5.5,289.46,3.6826165
1302,0.37103990401823045,3.0,289.504,2.842171e-14
1303,0.4601806083304703,4.0,289.557,6.7604
1304,0.42310169268492065,2.7863693,289.602,5.7169757
1305,1.0388233965181826,8.0,289.8,5.8001685
1306,0.9983993920742835,8.0,289.891,1.1718571e-13
1307,1.106673780694824,9.5,289.983,1.1368684e-13
1308,1.390424924220253,11.914984,290.182,4.259139
1309,1.155950615129838,10.0,290.255,6.40254
1310,1.1757111299318777,9.5,290.348,7.428991
1311,0.8382289706254661,6.0,290.409,1.7053026e-13
1312,1.8030321893960912,16.25,290.734,5.393199
1313,1.1785015196153164,9.5,290.809,3.327617
1314,1.5460629134273136,14.473684,290.957,7.8686137
1315,1.7189951585811578,13.636364,291.226,2.511143e-13
1316,1.1040551972179642,9.0,291.332,6.5481668
1317,0.9700631252881896,8.0,291.405,19.71507
1318,1.300639310591812,11.231906,291.602,8.47017
1319,1.5325950395198802,12.222222,291.729,7.130934
1320,2.550529004417579,18.62745,292.254,5.3666286
1321,2.24426292167168,17.64045,292.67,4.2435822
1322,1.8152672151241758,16.11111,292.862,4.559373
1323,1.4160899138228356,12.75862,292.998,20.402056
1324,1.9936490603788404,17.666666,293.354,3.4791515
1325,0.7359747134973909,6.5,293.531,10.313885
1326,1.5028991045504618,13.0,293.682,7.669043
1327,0.9489842381863558,7.0,293.756,30.475586
1328,1.4394725685045906,12.75862,293.873,1.2141759e-13
1329,2.016717029234455,17.5,294.312,8.388923
1330,1.4479008021618522,11.25,294.434,7.710069
1331,1.731357864529473,12.209834,294.55,5.6081276
1332,0.989403126809997,8.0,294.728,2.2737368e-13
1333,1.1136304004919546,10.0,294.813,1.3406493e-13
1334,1.705746065547068,15.714286,295.032,6.2606025
1335,2.021686667701709,16.71875,295.426,2.842171e-13
1336,1.2726278576603651,10.869565,295.541,2.3670287
1337,0.5560820100776966,5.0,295.602,1.2710575e-13
1338,0.6390269718707693,6.0,295.785,9.414691e-14
1339,0.8805082134364174,7.0,295.86,4.5619364
1340,0.992447261749442,7.5,295.959,3.0611117e-13
1341,0.8595059011334911,7.0,296.035,2.539257
1342,1.2652905150811977,11.6,296.26,1.6077747e-13
1343,1.2865779129980632,11.923077,296.36,5.684342e-14
1344,1.482628391035082,12.938394,296.502,1.4210855e-13
1345,1.1865291754920086,10.835845,296.719,2.2878385
1346,2.109610613712465,18.032824,297.145,2.7392783e-13
1347,1.781267752002357,14.166667,297.311,1.7053026e-13
1348,1.4456288861853703,12.143544,297.545,3.2454994
1349,2.6178880729237806,17.341772,297.839,1.4210855e-13
1350,2.857131768647042,16.927975,298.122,1.2710575e-13
1351,2.2359457618007963,15.777545,298.371,2.4283518e-13
1352,1.4823647516416714,11.25,298.588,7.0602965
1353,2.519016753793746,16.557377,298.774,1.563194e-13
1354,1.8629249286361014,13.498025,298.903,68.423874
1355,2.953314694317358,17.586206,299.254,10.201253
1356,1.8250904104531211,12.222222,299.375,7.114307
1357,1.9155082009226132,14.166667,299.528,6.200784
1358,1.9703758641415616,14.45132,299.672,1.6077747e-13
1359,2.4619317194789065,16.827595,300.004,5.965768
1360,2.5855416095357353,16.80203,300.266,8.645435
1361,2.3507543371381017,13.837038,300.405,8.205597
1362,2.7835286195711286,16.57071,300.76,6.719245
1363,3.7159035641016134,17.978315,301.146,1.1368684e-13
1364,2.706511693479357,16.815466,301.368,5.684342e-14
1365,1.8217066871310477,12.042935,301.481,113.191086
1366,1.6096947874440215,11.565705,301.692,8.566277
1367,1.537353910549623,10.451228,301.787,6.7911153
1368,2.7319434740972315,17.13849,302.037,171.94278
1369,2.0779031443855835,13.354616,302.297,1.7053026e-13
1370,2.0321250476323733,13.772226,302.439,6.8241487
1371,1.5922383739074382,9.923681,302.549,4.323262
1372,2.4247546221826113,16.660528,302.924,3.2155493e-13
1373,1.7156051657740408,15.66706,303.126,1.2141759e-13
1374,2.719784506337017,17.38812,303.433,1.3406493e-13
1375,1.5196130176353675,11.6,303.536,1.4210855e-13
1376,1.862176975684515,12.577958,303.781,6.667698
1377,1.5631395368933472,12.180811,303.905,5.662966
1378,1.9694029214735038,16.19791,304.116,1.1368684e-13
1379,1.8465851589276085,15.961538,304.398,1.6077747e-13
1380,2.7576820082790934,18.376421,304.871,3.9602377
1381,2.7137582313651616,16.037735,305.07,3.0611117e-13
1382,2.695715833020527,16.295036,305.314,7.1054274e-14
1383,2.8759819288847694,17.0,305.634,1.2710575e-13
1384,2.723879060056311,16.100075,305.85,5.876357
1385,2.1766739886110065,15.0,306.022,1.4921397e-13
1386,2.4507341274771948,16.865671,306.412,5.8073387
1387,4.8270128726652795,18.695652,307.062,8.526513e-14
1388,2.9975681313360893,17.751102,307.371,166.83176
1389,1.5684550572220426,11.703981,307.583,3.410605e-13
1390,2.0606348700993964,12.501321,307.701,4.932741
1391,2.5521535638269937,16.612904,307.962,6.516451
1392,2.9759857822894444,16.666666,308.213,1.6077747e-13
1393,1.5839454914768039,10.869565,308.401,4.993504
1394,3.729627824539266,18.62745,308.913,3.57326e-13
1395,2.30473359379686,16.557377,309.158,7.9610143
1396,4.172122252026154,18.1359,309.564,7.993606e-15
1397,2.044541037851983,16.037735,309.87,1.563194e-13
1398,3.3426832216670532,17.552286,310.212,3.4207482
1399,2.4781607505870826,16.5,310.431,1.7053026e-13
1400,2.933890012485838,16.922012,310.847,6.136022
1401,2.7397382704178894,15.882353,311.064,8.537453
1402,1.494098561934342,10.571469,311.175,4.995837
1403,1.6289301770119045,11.918436,311.405,5.0541315
1404,1.9746402965626528,14.262356,311.533,8.228649
1405,2.2119165420887157,13.0,311.664,6.675673
1406,1.3759831921642796,10.431261,311.868,3.809895
1407,1.77160849319933,12.75862,311.987,2.9296427e-13
1408,2.616450253910645,17.356094,312.279,4.546213
1409,1.9232409434007938,12.811035,312.428,5.684342e-14
1410,1.8249652293504892,14.601822,312.671,1.1368684e-13
1411,1.444932386069834,12.755428,312.781,5.008092
1412,2.2694833826006438,16.76923,313.04,5.770581
1413,2.066396188465429,14.131004,313.321,4.515339
1414,1.2752267942197466,8.554946,313.407,7.7816105
1415,1.2221738141324923,8.5,313.492,6.0769672
1416,1.3066219925863707,8.5,313.561,6.6996675
1417,2.072671473363442,15.434783,313.878,1.2141759e-13
1418,2.425898964797599,15.656861,314.085,2.9557216
1419,2.372910890815108,17.706764,314.436,4.969678
1420,1.8559189879750675,11.931147,314.565,1.2710575e-13
1421,1.172900164486253,10.738636,314.752,2.2914315e-13
1422,1.3405801351077327,11.91156,314.87,9.173868
1423,1.889119130740604,13.646738,315.053,5.7837253
1424,1.8984033456713676,13.573804,315.307,5.0821843
1425,0.8028027710111583,6.746047,315.393,2.5521225e-13
1426,0.46814208536580676,4.0,315.456,6.561281
1427,2.1698365943025126,15.808029,315.671,5.390055
1428,1.7309228213371761,14.243952,315.927,5.684342e-14
1429,1.4102740331676038,11.193431,316.047,1.1566797e-13
1430,0.7999591015623942,7.5,316.125,1.1390867e-13
1431,0.8508174875464021,7.0940895,316.323,8.038873e-14
1432,1.4571577089518017,10.966146,316.434,1.4210855e-13
1433,0.7995025263149967,6.861642,316.502,9.140954
1434,1.5412672736561965,9.412553,316.634,1.1368684e-13
1435,1.7273319886130623,13.275997,316.866,2.2914315e-13
1436,1.2019029937196266,11.502907,317.004,4.1565523
1437,1.6034281352586564,11.175612,317.131,1.3796245e-13
1438,0.7118656139879875,6.0,317.323,1.6077747e-13
1439,1.5203658325279596,10.947566,317.409,4.771295
1440,0.7916289852751833,6.3487005,317.487,5.1336384
1441,0.7990911189211309,6.695413,317.565,1.234568e-13
1442,1.4227968666554063,10.709155,317.778,1.1718571e-13
1443,1.8618553022070945,15.724392,317.973,1.1368684e-13
1444,2.4241044192930055,16.875334,318.258,1.8198774e-13
1445,2.5471526476794626,16.24778,318.604,5.684342e-14
1446,2.27836062093426,15.778147,318.794,6.120502
1447,2.608959722895376,16.931877,319.054,6.053271
1448,1.7250428562050493,13.140255,319.183,4.2632564e-14
1449,1.1529114122073743,10.362397,319.412,1.4210855e-14
1450,3.1788950026595164,18.273853,319.852,6.5899076
1451,1.3361352284410712,9.965668,319.95,4.5790334
1452,2.1640125402665378,15.643317,320.156,5.3628125
1453,0.6823293155938154,4.5,320.305,7.3883934
1454,1.9104942658251078,12.215462,320.427,2.4158453e-13
1455,0.6486702831444189,6.0,320.494,5.7054143
1456,1.3709423841335133,8.88643,320.579,1.6077747e-13
1457,1.2780978328597559,11.050075,320.778,3.508311
1458,1.3697856509980233,10.869565,320.854,5.684342e-14
1459,2.005202320739676,14.627828,320.982,4.724085
1460,1.1326670098252147,10.0,321.187,20.322641
1461,1.0856927092944837,8.867485,321.295,6.7604165
1462,1.7596492799370909,14.324325,321.452,2.2781733e-13
1463,1.1867968261852133,10.454545,321.558,6.9087753
1464,1.5450670365921135,10.0,321.758,1.2710575e-13
1465,1.3208020914743606,9.471652,321.848,1.6077747e-13
1466,1.6605568316283723,15.07274,322.031,3.8897257
1467,0.6441553042986833,5.5,322.204,11.68858
1468,1.2335228803203033,10.0,322.28,2.542115e-13
1469,-0.13372352593087947,15.545451,322.458,1.1368684e-13
1470,0.9396278182143233,7.6426306,322.56,6.407858
1471,0.954079072643339,6.963379,322.751,1.3406493e-13
1472,1.2195542132076993,10.215656,322.837,8.881784e-15
1473,-2.592852819505359,11.211223,322.934,1.1368684e-13
1474,1.8591865216033505,14.339543,323.089,6.991132
1475,2.0825811212665117,13.495802,323.333,3.2015128
1476,1.2722978804744978,9.560693,323.431,7.7854257
1477,1.618635794813672,11.239999,323.527,5.5987115
1478,2.813645053261773,16.758816,323.858,6.1837893
1479,2.6549688239728604,17.692308,324.212,4.56133e-13
1480,2.1422623268898686,14.403596,324.357,7.2669196
1481,1.9001055311580748,11.846621,324.6,5.1858172
1482,2.638406384252402,16.844198,324.894,1.2710575e-13
1483,1.726796038442904,12.222222,324.998,7.924997
1484,2.373703062098175,14.141453,325.243,1.6077747e-13
1485,1.3878701994414453,11.25,325.342,2.2914315e-13
1486,1.2046501778909535,8.0,325.421,75.84166
1487,1.833426889816364,15.488099,325.657,3.2155493e-13
1488,1.4883759658247955,11.923077,325.885,5.804189
1489,1.5427761712170187,11.748397,325.997,5.7737303
1490,2.3284964107710597,17.270882,326.238,1.3796245e-13
1491,-2.0229769340294994,12.294943,326.467,1.1368684e-13
1492,1.4573783899207569,11.701062,326.592,3.2155493e-13
1493,2.040054348371756,13.96353,326.764,5.894067
1494,1.4001673393206746,9.548748,326.867,3.9417908
1495,1.6301623001532857,11.113371,327.1,2.2914315e-13
1496,1.4535763949851606,11.567836,327.212,48.05633
1497,2.049789586882658,16.03314,327.396,5.324667
1498,-2.480374362099572,11.239373,327.595,2.284553e-13
1499,1.31199647228018,11.518518,327.742,6.666291
1500,2.2743294612170346,14.973697,327.977,5.405943
1501,1.5651483056349633,12.545841,328.219,7.750679
1502,1.8612995422831766,11.481575,328.318,2.7343838
1503,2.3543546023407638,15.812199,328.529,1.4210855e-13
1504,2.214275725650453,16.37931,328.755,1.1457157e-13
1505,0.8856676022094574,6.4393363,328.926,2.9296427e-13
1506,2.467920873546193,15.872855,329.108,4.52331
1507,0.6673034914171828,5.4759765,329.18,7.4199324
1508,1.058161905413739,6.9382844,329.35,1.6077747e-13
1509,1.8627919237423631,13.003349,329.466,5.55598
1510,1.9777154344121493,15.672826,329.658,2.3821732e-13
1511,1.8518651786648266,16.89475,329.921,4.5969143
1512,-3.086823831484381,10.396676,330.135,6.3197045
1513,2.421112322790527,16.781382,330.44,6.2053094
1514,0.9440503112370943,6.6159534,330.517,1.2710575e-13
1515,2.2707763785169184,14.649601,330.795,2.2737368e-13
1516,0.7353557290463159,6.8091416,330.85,9.91236
1517,2.486523154567659,16.590317,331.062,3.5155714e-13
1518,1.3528141618149567,9.457316,331.144,6.74054
1519,0.5501953279285241,3.5,331.295,1.1368684e-13
1520,1.0143190605793897,7.3996325,331.375,3.5527137e-14
1521,1.3310030331189089,9.590188,331.473,1.1457157e-13
1522,1.9593392377128007,12.6352,331.59,9.9337205e-14
1523,0.8412505837288324,7.521232,331.798,5.684342e-14
1524,1.677533293060494,13.397571,331.938,5.7065387
1525,1.5651882584817574,11.303197,332.063,4.2632564e-14
1526,1.9681091604108292,12.715167,332.321,6.182111
1527,1.7237917202520616,11.877175,332.457,2.2781733e-13
1528,4.696458486892683,18.613766,333.079,7.4518194
1529,1.2681220116210337,6.4816456,333.315,1.4210855e-13
1530,1.8457801580630313,13.438217,333.449,1.1374234e-13
1531,1.4239034731883713,10.936826,333.568,3.410605e-13
1532,1.8813653295597181,14.004352,333.757,1.563194e-13
1533,2.0240509102545414,13.291574,334.022,4.0990372e-13
1534,3.9828798568257042,17.786737,334.497,370.34778
1535,2.3913313561003364,16.995388,334.809,5.7295065
1536,2.4829360597175043,16.29425,335.191,2.2914315e-13
1537,-2.0832886498489174,11.551354,335.316,2.3718188e-13
1538,1.4908151728409753,11.289543,335.436,8.102675
1539,1.8515731402437094,16.959309,335.947,5.540843
1540,2.76135860321322,16.704617,336.263,3.2155493e-13
1541,1.1925922059680096,8.72037,336.35,6.900416
1542,2.9854809241670606,17.233604,336.749,3.9295897
1543,1.8187184456833336,12.163459,336.877,1.1368684e-13
1544,-0.13256720192267782,14.619138,337.055,6.144316
1545,2.0438669349609166,13.796975,337.217,5.492419
1546,3.547663019212523,17.161667,337.657,6.474013
1547,2.0363445908532203,12.754281,337.809,5.5167313
1548,1.893278786881319,13.403695,337.951,4.533535
1549,1.8554130661853578,11.975764,338.052,4.527651
1550,0.7331108638065389,6.248818,338.232,1.2141759e-13
1551,1.5653219276758588,10.966274,338.341,4.008045
1552,2.394859765635419,15.694197,338.56,7.353789
1553,1.797648041458272,12.813917,338.794,2.542115e-13
1554,2.71717122130639,16.192463,339.035,7.7135997
1555,1.9465239536436034,13.398514,339.169,7.1054274e-15
1556,2.378972476591886,18.246346,339.595,3.2155493e-13
1557,1.9888374606885408,14.715268,339.849,1.1368684e-13
1558,1.5928316456671234,13.113923,339.975,1.6077747e-13
1559,-3.4925238408852524,9.952403,340.076,2.842171e-13
1560,2.293252246014699,17.747108,340.639,4.238487
1561,1.3791943341393156,10.207768,340.741,2.0200543e-13
1562,2.0256229923359053,15.73101,340.971,6.171014
1563,1.6397096909741657,12.754962,341.238,2.542115e-13
1564,2.247039127704338,15.173141,341.422,5.613791
1565,0.4808839658891782,4.0,341.478,1.2141759e-13
1566,0.8428105075212322,7.422633,341.552,4.1966486
1567,1.2078406740480936,8.217811,341.786,1.2710575e-13
1568,1.0578197494125758,9.255537,341.885,2.842171e-14
1569,1.594535770534092,12.700833,341.999,6.0502195
1570,2.803500413489848,17.467571,342.524,6.9781375
1571,0.6035181299056818,4.441355,342.605,1.8198774e-13
1572,2.033642963264504,13.033477,342.771,1.3406493e-13
1573,2.1347338617862808,14.083943,343.068,2.842171e-14
1574,0.6015700968560357,4.9672694,343.176,6.8461742
1575,1.9761303208196008,13.284566,343.331,6.9614706
1576,1.8123686465431932,14.354529,343.483,3.8808095
1577,1.228188113372089,8.8865385,343.755,6.3552875e-14
1578,2.1805462058022487,14.382337,343.927,1.239383e-13
1579,-3.101927751182522,10.50744,344.089,2.4283518e-13
1580,1.508582711926675,10.01455,344.34,4.5693355
1581,2.0052942401352887,15.445172,344.511,87.96582
1582,1.681319933816733,12.583559,344.651,5.4145217
1583,2.1554560914162924,13.505515,344.825,1.6077747e-13
1584,1.891741549547034,14.2614155,345.126,6.027945
1585,2.0839003669112044,15.602053,345.322,6.158548
1586,1.8794124579998186,12.6597595,345.447,1.2021619e-13
1587,0.5337414243558981,3.9487762,345.518,22.701576
1588,1.8655533870917278,12.70179,345.791,5.3324623
1589,0.6401213285092626,4.279528,345.847,5.697366
1590,2.237799147875662,14.579849,346.021,2.542115e-13
1591,1.5917728764291073,13.175602,346.283,6.608478
1592,1.1274720612327918,7.0,346.357,3.613432
1593,1.9394695999303784,16.479986,346.631,2.842171e-14
1594,1.6607497882252207,12.481126,346.913,1.3796245e-13
1595,2.457249799041079,14.78864,347.114,5.684342e-14
1596,2.221268108676721,14.639082,347.33,5.5868597
1597,2.690015932005957,16.034077,347.735,2.542115e-13
1598,2.0831416244190883,13.759814,347.912,149.30486
1599,0.7899625361677942,5.939993,347.987,2.6699771e-13
1600,-7.588755135842097,5.412287,348.051,4.5995092
1601,1.871940704677327,13.898517,348.354,6.74689
1602,1.9363870666192056,12.172177,348.468,2.441053e-13
1603,0.07068326127190928,13.625201,348.78,3.7492101
1604,1.4016519645579613,9.972326,349.04,1.1718571e-13
1605,2.4952188310951016,17.108685,349.33,6.920204
1606,2.586734579029879,14.618491,349.495,5.0063977
1607,2.1852559591697234,15.661936,349.709,1.7053026e-13
1608,1.366259667448556,9.2334795,349.923,5.325654
1609,2.9978761187777074,15.236497,350.158,4.0695395
1610,3.267933998405846,17.931171,350.594,7.1054274e-15
1611,1.7598622857366437,15.04459,350.896,6.602965
1612,2.1193536245971183,14.283813,351.077,1.3406493e-13
1613,0.3899305170259187,3.3329594,351.144,7.166328
1614,2.1793199237001484,13.189173,351.282,1.2271014e-13
1615,2.248548403337127,14.7725725,351.589,2.4962711e-13
1616,3.8572364275684445,18.223597,352.023,5.4819922
1617,2.8126674409307046,17.056932,352.361,3.4838338e-13
1618,2.1843445872727467,15.067837,352.708,8.125649
1619,3.1527519073329957,15.234596,352.893,5.3192105
1620,3.6340181749693636,18.072266,353.348,8.995026
1621,1.9023604348069547,13.303802,353.662,3.369651e-13
1622,2.0303482095000005,13.528762,353.834,4.720244
1623,3.6554263621968985,17.725708,354.25,4.8162346
1624,3.7307011947915196,18.159893,354.717,1.4210855e-14
1625,3.0049966825763894,17.1158,355.235,1.4210855e-13
1626,2.4668688532917824,16.945108,355.606,1.1368684e-13
1627,3.85532440155223,17.599215,356.197,8.526513e-14
1628,0.7420514377930064,12.856117,356.441,2.1316282e-14
1629,2.921027496494019,14.139834,356.862,1.5106346e-13
1630,2.211644308593564,13.733536,357.16,6.005962
1631,1.6626041533810483,12.321998,357.349,5.549179
1632,2.6307134497745195,17.400051,357.838,1.1368684e-13
1633,2.2810030576103504,15.116516,358.195,5.684342e-14
1634,2.736763410369045,17.23246,358.617,4.4426956
1635,1.5078082667623018,11.046025,358.72,2.260654e-13
1636,1.4319555458994733,11.490954,358.986,5.652495
1637,2.0494093704830947,14.543683,359.138,7.53539
1638,4.647478736718229,18.801828,359.999,3.8191672e-14
1639,0.5537526765092365,4.79636,360.212,2.542115e-13
1640,1.4328652899078531,9.943211,360.36,4.143324
1641,1.779353814294691,13.570142,360.528,2.842171e-13
1642,2.215678923218127,14.347355,360.739,4.0990372e-13
1643,1.4791406914733052,9.283191,361.073,5.859986
1644,1.901685566293068,10.195742,361.26,6.685413
1645,1.9620378879515794,13.640331,361.471,2.7600844e-13
1646,2.0683486199592096,13.877201,361.668,1.2710575e-13
1647,1.93207523125077,16.06221,362.061,2.0495186e-13
1648,1.0230853851968433,7.3440013,362.156,5.6104536
1649,1.5854178799208092,12.999365,362.378,5.889759
1650,-0.014348352288448087,12.73499,362.62,7.2369056
1651,1.594883483618284,10.917839,362.935,4.340598
1652,0.9717809115189587,7.299802,363.066,1.6077747e-13
1653,2.276459249043743,13.184181,363.25,2.2737368e-13
1654,0.9034639722865231,8.441605,363.529,5.684342e-14
1655,1.3555046000986366,10.825801,363.706,2.0961011e-13
1656,1.49668015347054,12.918856,363.889,6.200865
1657,2.023450589786484,12.08105,364.062,7.5427585
1658,1.238783961423409,7.5093336,364.317,2.4158453e-13
1659,1.5800007915754004,9.037172,364.484,2.3133595e-13
1660,1.3152232585462418,9.393908,364.58,4.64652
1661,1.8458198004001367,15.583404,365.044,5.967091
1662,2.645299288992893,15.129131,365.33,6.4597044
1663,0.9903786273378723,14.643273,365.666,1.304383e-13
1664,2.94202659144506,17.006605,366.13,2.842171e-14
1665,1.2723741335918877,11.987714,366.435,2.2737368e-13
1666,1.8895049382531748,14.019797,366.802,7.2971573
1667,2.895096360748429,15.962942,367.186,6.8178897
1668,2.3112288969544696,12.446915,367.538,5.684342e-14
1669,2.2851897207266236,15.684843,367.846,1.1368684e-13
1670,2.2973498766141187,14.009217,368.102,2.2914315e-13
1671,1.8326313732712323,11.29134,368.413,6.421343
1672,2.4044936143813316,15.436665,368.701,5.1489553
1673,1.3798985020693348,11.104537,368.906,5.684342e-14
1674,2.018954586114174,12.345099,369.096,4.208104
1675,4.241875081160615,17.337072,369.795,1.7112135e-13
1676,1.9105460839624968,14.089016,370.039,4.0357127
1677,1.6231886792898909,10.249432,370.24,3.9068441
1678,2.674913510124103,16.585451,370.876,225.95634
1679,1.9482311006900999,12.620014,371.06,6.6084566
1680,1.8212496502686102,11.98221,371.24,5.2703834
1681,1.896837103030812,12.17423,371.514,5.684342e-14
1682,2.9902243862954814,16.789099,371.9,230.7458
1683,4.171235243703693,17.146687,372.387,4.811137
1684,3.4141941225063803,15.913937,372.798,2.2300178e-13
1685,2.510910324763513,15.062243,373.196,1.8198774e-13
1686,1.6507439379796012,15.752043,373.533,1.4210855e-13
1687,-0.5874849746780937,12.298449,373.717,1.4648214e-13
1688,2.1934836186210895,13.891045,374.209,166.70721
1689,2.8322736776005684,17.336426,374.732,1.4210855e-14
1690,-1.6620238326233023,6.374394,374.879,2.2914315e-13
1691,2.6159202993409787,16.41527,375.296,1.6077747e-13
1692,1.879738732513594,12.212745,375.707,3.0198066e-14
1693,3.136003119573706,15.242309,376.465,6.238854
1694,-2.3113807713753407,6.5118957,376.643,2.3437141e-13
1695,2.0055026638751863,11.106964,376.992,5.684342e-14
1696,1.54659509440838,10.45401,377.163,6.2264605
1697,3.3112646331711733,15.036821,377.625,2.759249e-13
1698,4.109974677613301,17.50526,378.635,6.247929
1699,2.020414306042883,17.213566,379.082,1.1718571e-13
1700,3.9261917188651743,17.200851,379.879,3.4700392e-13
1701,3.1234543703520004,17.331533,380.384,1.2789769e-13
1702,2.3993130636369324,15.059608,380.975,3.0762649
1703,3.256531262662647,16.595432,381.426,5.455165
1704,2.8612873106526027,17.485134,382.021,1.7649516e-13
1705,3.318729807335282,16.293102,382.65,5.9455
1706,3.4722605847852046,17.039087,383.308,6.508712
1707,-2.3027576654764697,9.645295,383.419,1.2710575e-13
1708,1.3926310703464584,9.411496,383.525,7.666975
1709,3.146376736319124,16.406473,384.112,3.0535586
1710,1.4455024466737316,12.239525,384.26,1.7053026e-13
1711,1.908464524662305,13.743245,384.643,1.2710575e-13
1712,2.278367620330327,13.169631,385.179,1.7112135e-13
1713,2.282663117967843,15.457716,385.52,1.2710575e-13
1714,0.5645548325141122,14.260654,385.912,5.8073387
1715,2.326282796475818,16.75726,386.589,2.2914315e-13
1716,3.6920605831639435,18.002148,387.241,359.15097
1717,2.4703138897050056,15.117133,387.55,2.0495186e-13
1718,3.1483351975368183,16.000536,388.01,2.411662e-13
1719,2.908303127729512,15.017183,388.557,1.4210855e-14
1720,1.4289383187774005,16.346727,388.91,2.0495186e-13
1721,3.4125050506319434,18.061995,389.664,5.684342e-14
1722,2.4730567315224987,13.223445,389.878,191.59894
1723,3.1795835285875174,17.59673,390.489,5.9697685
1724,4.427769510385178,18.223606,391.097,4.5421076
1725,3.0441778208207464,17.931204,391.566,1.1368684e-13
1726,-0.14268783270647917,14.2707,391.867,1.1368684e-13
1727,2.855426422202669,17.215864,392.442,1.2141759e-13
1728,1.8138946046519886,10.85437,392.578,5.300758
1729,2.376787479959851,16.009003,392.85,7.695066
1730,3.205499769066501,17.809692,393.574,3.9096658
1731,2.3783329533571225,18.034836,394.078,1.2141759e-13
1732,2.8723803485482735,17.958963,394.576,5.6875153
1733,2.906175294847649,18.364109,395.338,7.3178926
1734,2.1905635016757077,17.37483,395.735,1.9184654e-13
1735,2.6361536467982445,13.551959,396.001,1.1457157e-13
1736,2.8341063860665408,16.710802,396.276,2.3437141e-13
1737,2.397959952217928,15.7769985,396.673,7.5010834
1738,2.218245790041984,13.533482,396.864,6.7012215
1739,1.5228692043612242,9.987731,396.979,1.2141759e-13
1740,2.6119941391337127,16.119719,397.236,6.149918
1741,0.8158338006923023,16.1836,397.682,3.94847e-13
1742,-0.33319523941120605,14.639206,397.87,3.5155714e-13
1743,1.344314689635283,17.076542,398.22,1.8198774e-13
1744,1.6654169906819334,12.157453,398.464,6.3099937
1745,1.329895788542238,16.877508,398.754,2.4283518e-13
1746,1.848984347112368,13.316499,398.931,5.157506
1747,2.0701340125344676,14.400775,399.272,5.158594
1748,2.1671422665603917,14.579765,399.485,5.8345056
1749,1.4433755235591397,8.98519,399.569,5.041656
1750,1.5349968967255754,11.449621,399.687,4.783163
1751,2.9111509473976946,15.846231,400.051,5.684342e-14
1752,1.2958755512797244,17.206509,400.377,1.1368684e-13
1753,1.632165575983044,10.958422,400.534,6.6374803
1754,3.1598319831078343,17.476118,401.161,1.4210855e-13
1755,-6.414805098400626,5.5071373,401.225,5.620222
1756,3.5197281013392647,18.383131,401.788,5.8485684
1757,4.389794390052863,18.25552,402.382,5.4677124
1758,3.0541292296816223,17.698715,402.918,1.4210855e-13
1759,3.1515773031469427,18.129059,403.423,1.2710575e-13
1760,4.052301995592601,18.809769,404.288,1.9539925e-14
1761,2.3312228780142488,16.55498,404.562,5.1979604
1762,3.0394735951851297,18.51654,405.284,2.5579538e-13
1763,3.4754622909216923,18.201136,405.783,1.6077747e-13
1764,4.239984251587515,18.405235,406.375,1.1910866e-13
1765,-1.2305954151033736,12.71189,406.683,3.0903485
1766,2.5169117744224274,15.519916,406.912,1.4210855e-14
1767,2.956035813687032,18.002228,407.377,7.0733438
1768,2.0105566249125713,14.549698,407.621,5.478218
1769,1.87261564563316,13.4891815,407.925,4.822253
1770,2.571783133415619,16.832394,408.217,5.276557
1771,1.7659279415254927,13.7959175,408.511,7.8466706
1772,3.186740855053058,17.249119,409.145,1.304383e-13
1773,2.33110753779726,15.808428,409.367,2.1843412e-13
1774,3.660153432369413,18.77631,410.165,5.433668
1775,2.9718117897909977,17.738955,410.584,2.0495186e-13
1776,3.880816856740492,18.575706,411.429,4.0990372e-13
1777,3.1128856745708235,17.172338,411.747,1.1368684e-13
1778,2.244444118563136,16.05538,412.023,3.4576503e-13
1779,3.5651687250571977,18.146137,412.88,6.4218335
1780,2.95726427755589,16.569763,413.302,6.4924755
1781,2.3042917425930196,14.07409,413.499,2.4158453e-13
1782,3.6815691661215197,18.570835,414.211,1.6587788e-13
1783,4.101613436769821,18.527855,415.112,2.954386
1784,1.7224435107743519,13.492558,415.307,6.748161
1785,2.637204294055398,17.346565,415.816,2.6645353e-14
1786,2.6857304837246034,17.404343,416.497,7.1054274e-15
1787,1.920753139563786,12.381829,416.661,5.5393806
1788,1.6596761491343177,13.521017,416.848,7.261616
1789,1.9661459035399111,10.786815,417.001,159.22105
1790,3.3411648716493176,18.389135,417.866,1.1368684e-13
1791,3.7058868213716094,18.502218,418.518,1.5106346e-13
1792,1.9784355011443095,14.178101,418.711,2.5264266e-13
1793,1.8834368613790404,12.463935,418.988,6.5104456
1794,2.51638449835628,16.905663,419.291,2.3437141e-13
1795,2.995608781825934,17.128893,419.599,5.6480894
1796,3.77428314538265,18.25256,420.309,5.387042
1797,1.8503059844487026,13.060139,420.607,6.1337743
1798,2.3046675629339983,14.458258,420.786,6.1945815
1799,3.041449841735163,18.46927,421.392,1.304383e-13
1800,3.4475716060661092,17.529411,421.9,1.1718571e-13
1801,4.248243404954972,18.385168,422.462,5.7994137
1802,2.4826812216178604,14.70264,422.644,6.4118037
1803,2.9926836321792076,16.14266,423.073,5.085904
1804,1.849244370739499,12.754283,423.215,1.7053026e-13
1805,2.349180327099184,16.210014,423.497,144.51093
1806,2.873771723347205,17.236841,423.828,1.9895197e-13
1807,4.6277272257824675,18.94682,424.74,8.526513e-14
1808,2.349708618533254,17.018467,425.065,3.1946535
1809,1.9696304818835997,14.604382,425.255,87.40793
1810,2.3422635907823772,15.672449,425.481,5.3162403
1811,2.080416209299627,12.355611,425.745,1.1390867e-13
1812,1.0286389024829075,8.973273,425.881,1.2409095e-13
1813,1.6458725720098784,10.481774,425.991,1.1718571e-13
1814,0.03957952392422872,15.413043,426.188,1.030287e-13
1815,2.7508200115442616,16.118288,426.63,1.2710575e-13
1816,3.072980018176477,16.688171,426.909,2.5906827
1817,2.2250838582100205,14.280455,427.083,1.2710575e-13
1818,3.04402287029313,18.060293,427.718,5.244793
1819,2.230780084438704,14.464802,427.887,1.1718571e-13
1820,1.5957757135804371,13.445256,428.06,4.0230613
1821,1.4262408115098528,10.389145,428.181,5.952901
1822,2.1129451182624215,13.582886,428.471,1.6077747e-13
1823,1.2041500421151574,8.273998,428.559,4.7599697
1824,4.174522389400829,18.663424,429.281,2.0495186e-13
1825,1.5531873045163076,9.932991,429.539,2.842171e-14
1826,3.213847268932541,16.966166,429.841,4.3648586
1827,2.906788633196246,17.934378,430.309,1.6077747e-13
1828,2.8026749896559955,16.598997,430.598,2.2781733e-13
1829,2.353479453283618,13.322757,430.939,7.2733393
1830,4.462344766253256,18.486912,431.632,7.1457825
1831,0.29866178332828547,14.6642065,431.881,1.1368684e-13
1832,2.568595438184171,16.6747,432.333,2.5264266e-13
1833,3.5410871709618283,17.604025,432.715,2.1130614
1834,3.5105426378697833,17.489061,433.152,6.2108274
1835,3.380194075322269,17.387875,433.764,7.614528
1836,2.719688879528507,14.262962,433.979,1.1368684e-13
1837,2.0716715691283185,14.356452,434.173,4.9535594
1838,2.1137528258502614,17.69899,434.646,1.3766766e-13
1839,1.6336790565389527,10.40711,434.964,7.446112
1840,1.1975552762335673,6.6910663,435.047,7.6884785
1841,1.9625379399889804,12.772821,435.308,1.1718571e-13
1842,2.004922647799998,13.360056,435.668,108.52941
1843,2.777690784652481,15.352049,436.036,6.20494
1844,2.677606850353677,13.305194,436.294,5.3588824
1845,2.2886920026965547,13.60771,436.475,8.526513e-14
1846,2.458062520725669,14.61903,436.872,3.7658765e-13
1847,3.0101637466923923,18.110453,437.393,6.7965508
1848,3.2416376853391404,17.125694,437.949,1.6077747e-13
1849,3.305603781185853,18.367188,438.837,3.5904765
1850,1.2103293317451995,9.215843,438.96,5.8738003
1851,2.13464537165656,13.264558,439.148,5.8479066
1852,3.2548034648044375,17.715315,439.846,1.1457157e-13
1853,2.673475609058636,16.475363,440.253,4.7965555
1854,3.693727451306473,18.243454,440.885,1.9328853e-13
1855,2.0014989952889564,13.00628,441.108,1.7649516e-13
1856,3.053364724098606,16.283882,441.566,5.803894
1857,1.709559057537363,12.564242,441.762,6.842766
1858,1.4235429562090283,14.461063,442.093,6.721179
1859,2.770521560076919,16.776983,442.596,1.2789769e-13
1860,2.2979207641860393,14.32087,442.785,1.6077747e-13
1861,1.7043283563066878,11.2578335,442.908,6.8123345
1862,2.7849528323199655,17.284895,443.287,5.16794
1863,1.9269250113370073,12.392938,443.562,1.1390867e-13
1864,3.5149175368993393,17.03685,443.985,6.2578316
1865,2.8688749994375047,15.917814,444.436,3.5446644
1866,0.3653141415663557,3.0,444.5,1.5342624e-13
1867,1.8592185454395933,14.552682,444.69,5.9455667
1868,1.3256079741150781,8.50973,444.776,1.2710575e-13
1869,3.6070602043298114,18.564075,445.353,376.5236
1870,3.423154280731837,18.382793,446.045,3.907985e-14
1871,1.6813006505525134,13.460583,446.215,1.1718571e-13
1872,3.164683402577583,17.485197,446.548,5.709235
1873,2.871731488013193,17.51774,447.065,1.1368684e-13
1874,3.315981467093479,17.759066,447.469,1.1368684e-13
1875,2.1484642645649434,15.306953,447.716,6.446755
1876,1.662125737657014,10.430794,447.841,5.2814736
1877,2.6913798177866286,16.65927,448.236,1.1368684e-13
1878,4.188183548166275,18.681545,449.006,2.0495186e-13
1879,2.0358105597064506,12.842856,449.133,5.0256977
1880,3.5763797822266317,18.10995,449.78,1.6077747e-13
1881,1.9373318296782054,15.131159,449.974,2.4043238e-13
1882,1.6756512703043285,13.254291,450.161,1.2710575e-13
1883,3.7309209118351987,17.91922,450.631,7.81597e-14
1884,1.5772437187695116,10.432832,450.851,6.743695
1885,3.491419900150215,17.213575,451.207,1.1368684e-13
1886,3.5621060558256357,17.817387,451.625,2.842171e-14
1887,3.5891793731018033,18.029495,452.274,1.2710575e-13
1888,4.99877958811165,18.966013,453.322,720.9494
1889,2.3189392765968417,16.1571,453.56,7.623823
1890,1.2086762510812183,7.9124975,453.658,5.476057
1891,3.0796369354736566,17.741062,454.238,1.3406493e-13
1892,2.91202147557459,18.042316,454.759,2.2914315e-13
1893,3.2216274688897197,16.41968,455.059,5.313219
1894,2.729708674599096,15.212481,455.436,3.4601336
1895,1.5524637252277262,12.5,455.553,5.9477143
1896,4.846553909387575,18.39219,456.14,2.3437141e-13
1897,1.2385050702732672,9.5428295,456.365,2.4283518e-13
